formula,A,B,X,Eg_eV,n_values,spread_eV,soc,flags,values,sources
Ba3AsCl3,Ba,As,Cl,0.959,2,0.034,unknown,soc_unknown,0.942;0.976,10.1088/1402-4896/adee54;10.56919/usci.2544.008
Ba3AsI3,Ba,As,I,0.834,1,0.0,unknown,soc_unknown,0.834,10.1016/j.heliyon.2023.e21675
Ca3AsBr3,Ca,As,Br,1.634,3,0.08,unknown,soc_unknown,1.58;1.634;1.66,10.1134/s1063782625603371;10.1021/acsomega.3c08131;10.1038/s41598-026-48441-2
Ca3AsF3,Ca,As,F,2.27,1,0.0,unknown,soc_unknown,2.27,10.1016/j.heliyon.2024.e38898
Mg3AsBr3,Mg,As,Br,1.2907,1,0.0,unknown,soc_unknown,1.2907,10.1021/acsomega.5c11440
Sr3AsCl3,Sr,As,Cl,1.7,1,0.0,unknown,soc_unknown,1.7,10.1016/j.heliyon.2024.e35855
Sr3AsI3,Sr,As,I,1.265,1,0.0,no,,1.265,10.1016/j.heliyon.2023.e19271
Ca3BiI3,Ca,Bi,I,1.36,1,0.0,unknown,soc_unknown,1.36,10.1088/1361-6641/ada17e
Mg3BiBr3,Mg,Bi,Br,0.9648,2,0.2123,unknown,high_conflict;soc_unknown,0.8587;1.071,10.1021/acsomega.5c11440;10.1039/d4ra09093d
Mg3BiI3,Mg,Bi,I,0.224,1,0.0,no,,0.224,10.1039/d4ra09093d
Ca3PBr3,Ca,P,Br,1.8846,2,0.1312,unknown,soc_unknown,1.819;1.9502,10.5488/cmp.29.23701;10.1016/j.heliyon.2024.e29144
Ca3PCl3,Ca,P,Cl,2.035,3,0.2278,unknown,high_conflict;soc_unknown,1.978;2.035;2.2058,10.5488/cmp.29.23701;10.26565/2312-4334-2025-4-50;10.1016/j.heliyon.2024.e29144
Ca3PF3,Ca,P,F,2.518,1,0.0,no,,2.518,10.5488/cmp.29.23701
Ca3PI3,Ca,P,I,1.4909,3,0.113,unknown,soc_unknown,1.469;1.4909;1.582,10.5488/cmp.29.23701;10.1016/j.heliyon.2024.e29144;10.1002/nano.202300066
Mg3PBr3,Mg,P,Br,1.506,1,0.0,unknown,soc_unknown,1.506,10.1039/d5ra01185j
Mg3PCl3,Mg,P,Cl,2.297,1,0.0,unknown,soc_unknown,2.297,10.1039/d5ra01185j
Mg3PI3,Mg,P,I,0.377,1,0.0,unknown,soc_unknown,0.377,10.1142/s1793292025500481
Sr3PBr3,Sr,P,Br,1.55,1,0.0,unknown,functional_unconfirmed;soc_unknown,1.55,10.1007/s11082-024-07388-2
Sr3PCl3,Sr,P,Cl,1.677,3,0.05,unknown,functional_unconfirmed;soc_unknown,1.65;1.677;1.7,10.1039/d5ra00607d;10.1021/acsomega.6c02217;10.1007/s11082-024-07388-2
Sr3PI3,Sr,P,I,1.258,1,0.0,no,,1.258,10.1088/1402-4896/acfce9
Ba3SbBr3,Ba,Sb,Br,1.1908,1,0.0,no,,1.1908,10.1016/j.mtcomm.2026.115331
Ba3SbI3,Ba,Sb,I,0.78,2,0.0,unknown,soc_unknown,0.78;0.78,10.1007/s10853-024-10487-w;10.3390/nano15211656
Ca3SbBr3,Ca,Sb,Br,1.782,1,0.0,unknown,soc_unknown,1.782,10.1134/s1063783424601486
Ca3SbCl3,Ca,Sb,Cl,1.814,1,0.0,unknown,functional_unconfirmed;soc_unknown,1.814,10.1007/s11082-024-07968-2
Ca3SbF3,Ca,Sb,F,2.19,1,0.0,unknown,soc_unknown,2.19,10.1016/j.heliyon.2024.e38898
Mg3SbBr3,Mg,Sb,Br,0.9418,2,0.0319,unknown,soc_unknown,0.9259;0.9578,10.1021/acsomega.5c11440;10.1016/j.heliyon.2024.e39218
Mg3SbCl3,Mg,Sb,Cl,1.7283,1,0.0,no,,1.7283,10.1016/j.heliyon.2024.e39218
Mg3SbF3,Mg,Sb,F,3.184,1,0.0,no,,3.184,10.1016/j.heliyon.2024.e39218
Mg3SbI3,Mg,Sb,I,0.1057,1,0.0,no,,0.1057,10.1016/j.heliyon.2024.e39218
Sr3SbCl3,Sr,Sb,Cl,1.712,2,0.016,unknown,soc_unknown,1.704;1.72,10.1021/acsomega.6c02217;10.1016/j.heliyon.2024.e35855
Sr3SbI3,Sr,Sb,I,1.31,1,0.0,unknown,soc_unknown,1.31,10.1039/d3ra06137j
