formula,A,B,X,Eg_eV,functional,soc,doi,doi_status,year,source_file,source_row
Ca3BiI3,Ca,Bi,I,1.29,PBE,unknown,"NJC 2026,50,522 Islam",not a DOI (citation string),2026,a3bx3_literature_v1.csv,2
Ca3BiBr3,Ca,Bi,Br,1.6,PBE,unknown,"NJC 2026,50,522 Islam",not a DOI (citation string),2026,a3bx3_literature_v1.csv,3
Ca3BiCl3,Ca,Bi,Cl,1.76,PBE,unknown,"NJC 2026,50,522 Islam",not a DOI (citation string),2026,a3bx3_literature_v1.csv,4
Mg3BiI3,Mg,Bi,I,0.867,PBE,unknown,10.1039/D4RA08680C,ok,2025,a3bx3_literature_v1.csv,5
Mg3BiBr3,Mg,Bi,Br,1.626,PBE,unknown,10.1039/D4RA08680C,ok,2025,a3bx3_literature_v1.csv,6
Ba3AsI3,Ba,As,I,0.834,PBE,unknown,10.1016/j.heliyon.2023.e21675,ok,2023,a3bx3_literature_v1.csv,7
Ca3PI3,Ca,P,I,1.4909,PBE,unknown,10.1016/j.heliyon.2024.e29144,ok,2024,a3bx3_literature_v1.csv,8
Ca3PBr3,Ca,P,Br,1.9502,PBE,unknown,10.1016/j.heliyon.2024.e29144,ok,2024,a3bx3_literature_v1.csv,9
Ca3PCl3,Ca,P,Cl,2.2058,PBE,unknown,10.1016/j.heliyon.2024.e29144,ok,2024,a3bx3_literature_v1.csv,10
Ca3SbF3,Ca,Sb,F,2.24,PBE,unknown,10.1007/s11082-024-07968-2,ok,2024,a3bx3_literature_v1.csv,11
Ca3SbCl3,Ca,Sb,Cl,1.83,PBE,unknown,10.1007/s11082-024-07968-2,ok,2024,a3bx3_literature_v1.csv,12
Ca3SbBr3,Ca,Sb,Br,1.67,PBE,unknown,10.1007/s11082-024-07968-2,ok,2024,a3bx3_literature_v1.csv,13
Ca3SbI3,Ca,Sb,I,1.35,PBE,unknown,10.1007/s11082-024-07968-2,ok,2024,a3bx3_literature_v1.csv,14
Ca3AsCl3,Ca,As,Cl,1.742,PBE,unknown,10.1016/j.mtcomm.2024,truncated DOI,2024,a3bx3_literature_v1.csv,15
Ca3AsI3,Ca,As,I,1.58,PBE,unknown,10.1134/S1063782625603371,ok,2025,a3bx3_literature_v1.csv,16
Sr3PCl3,Sr,P,Cl,1.7,PBE,unknown,10.1007/s11082-024-07388-2,ok,2024,a3bx3_literature_v1.csv,17
Sr3PBr3,Sr,P,Br,1.55,PBE,unknown,10.1007/s11082-024-07388-2,ok,2024,a3bx3_literature_v1.csv,18
Ba3AsCl3,Ba,As,Cl,0.942,PBE,unknown,10.1088/1402-4896/adee54,ok,2025,a3bx3_literature_v1.csv,19
Sr3AsCl3,Sr,As,Cl,1.7,PBE,unknown,10.1016/j.heliyon.2024.e35855,ok,2024,a3bx3_literature_v1.csv,20
Sr3SbCl3,Sr,Sb,Cl,1.72,PBE,unknown,10.1016/j.heliyon.2024.e35855,ok,2024,a3bx3_literature_v1.csv,21
Mg3PCl3,Mg,P,Cl,2.297,PBE,unknown,10.1039/D5RA01185J,ok,2025,a3bx3_literature_v1.csv,22
Mg3PBr3,Mg,P,Br,1.506,PBE,unknown,10.1039/D5RA01185J,ok,2025,a3bx3_literature_v1.csv,23
Ba3SbI3,Ba,Sb,I,0.78,PBE,unknown,10.1007/s10853-024-10487-w,ok,2024,a3bx3_literature_v1.csv,24
