formula,rA,rB,rX,chiA,chiB,chiX,dchi_BX,dchi_AX,rB_over_rX
Ca3BiI3,1.34,1.48,2.2,1.0,2.02,2.66,0.64,1.66,0.6727272727
Ca3BiBr3,1.34,1.48,1.96,1.0,2.02,2.96,0.94,1.96,0.7551020408
Ca3BiCl3,1.34,1.48,1.81,1.0,2.02,3.16,1.14,2.16,0.817679558
Mg3BiI3,0.89,1.48,2.2,1.31,2.02,2.66,0.64,1.35,0.6727272727
Mg3BiBr3,0.89,1.48,1.96,1.31,2.02,2.96,0.94,1.65,0.7551020408
Ba3AsI3,1.61,1.19,2.2,0.89,2.18,2.66,0.48,1.77,0.5409090909
Ca3PI3,1.34,1.07,2.2,1.0,2.19,2.66,0.47,1.66,0.4863636364
Ca3PBr3,1.34,1.07,1.96,1.0,2.19,2.96,0.77,1.96,0.5459183673
Ca3PCl3,1.34,1.07,1.81,1.0,2.19,3.16,0.97,2.16,0.591160221
Ca3SbF3,1.34,1.39,1.33,1.0,2.05,3.98,1.93,2.98,1.045112782
Ca3SbCl3,1.34,1.39,1.81,1.0,2.05,3.16,1.11,2.16,0.7679558011
Ca3SbBr3,1.34,1.39,1.96,1.0,2.05,2.96,0.91,1.96,0.7091836735
Ca3SbI3,1.34,1.39,2.2,1.0,2.05,2.66,0.61,1.66,0.6318181818
Ca3AsCl3,1.34,1.19,1.81,1.0,2.18,3.16,0.98,2.16,0.6574585635
Ca3AsI3,1.34,1.19,2.2,1.0,2.18,2.66,0.48,1.66,0.5409090909
Sr3PCl3,1.44,1.07,1.81,0.95,2.19,3.16,0.97,2.21,0.591160221
Sr3PBr3,1.44,1.07,1.96,0.95,2.19,2.96,0.77,2.01,0.5459183673
Ba3AsCl3,1.61,1.19,1.81,0.89,2.18,3.16,0.98,2.27,0.6574585635
Sr3AsCl3,1.44,1.19,1.81,0.95,2.18,3.16,0.98,2.21,0.6574585635
Sr3SbCl3,1.44,1.39,1.81,0.95,2.05,3.16,1.11,2.21,0.7679558011
Mg3PCl3,0.89,1.07,1.81,1.31,2.19,3.16,0.97,1.85,0.591160221
Mg3PBr3,0.89,1.07,1.96,1.31,2.19,2.96,0.77,1.65,0.5459183673
Ba3SbI3,1.61,1.39,2.2,0.89,2.05,2.66,0.61,1.77,0.6318181818
Sr3BiI3,1.44,1.48,2.2,0.95,2.02,2.66,0.64,1.71,0.6727272727
Sr3BiBr3,1.44,1.48,1.96,0.95,2.02,2.96,0.94,2.01,0.7551020408
Sr3BiCl3,1.44,1.48,1.81,0.95,2.02,3.16,1.14,2.21,0.817679558
