formula,MagpieData minimum Number,MagpieData maximum Number,MagpieData range Number,MagpieData mean Number,MagpieData avg_dev Number,MagpieData mode Number,MagpieData minimum MendeleevNumber,MagpieData maximum MendeleevNumber,MagpieData range MendeleevNumber,MagpieData mean MendeleevNumber,MagpieData avg_dev MendeleevNumber,MagpieData mode MendeleevNumber,MagpieData minimum AtomicWeight,MagpieData maximum AtomicWeight,MagpieData range AtomicWeight,MagpieData mean AtomicWeight,MagpieData avg_dev AtomicWeight,MagpieData mode AtomicWeight,MagpieData minimum MeltingT,MagpieData maximum MeltingT,MagpieData range MeltingT,MagpieData mean MeltingT,MagpieData avg_dev MeltingT,MagpieData mode MeltingT,MagpieData minimum Column,MagpieData maximum Column,MagpieData range Column,MagpieData mean Column,MagpieData avg_dev Column,MagpieData mode Column,MagpieData minimum Row,MagpieData maximum Row,MagpieData range Row,MagpieData mean Row,MagpieData avg_dev Row,MagpieData mode Row,MagpieData minimum CovalentRadius,MagpieData maximum CovalentRadius,MagpieData range CovalentRadius,MagpieData mean CovalentRadius,MagpieData avg_dev CovalentRadius,MagpieData mode CovalentRadius,MagpieData minimum Electronegativity,MagpieData maximum Electronegativity,MagpieData range Electronegativity,MagpieData mean Electronegativity,MagpieData avg_dev Electronegativity,MagpieData mode Electronegativity,MagpieData minimum NsValence,MagpieData maximum NsValence,MagpieData range NsValence,MagpieData mean NsValence,MagpieData avg_dev NsValence,MagpieData mode NsValence,MagpieData minimum NpValence,MagpieData maximum NpValence,MagpieData range NpValence,MagpieData mean NpValence,MagpieData avg_dev NpValence,MagpieData mode NpValence,MagpieData minimum NdValence,MagpieData maximum NdValence,MagpieData range NdValence,MagpieData mean NdValence,MagpieData avg_dev NdValence,MagpieData mode NdValence,MagpieData minimum NfValence,MagpieData maximum NfValence,MagpieData range NfValence,MagpieData mean NfValence,MagpieData avg_dev NfValence,MagpieData mode NfValence,MagpieData minimum NValence,MagpieData maximum NValence,MagpieData range NValence,MagpieData mean NValence,MagpieData avg_dev NValence,MagpieData mode NValence,MagpieData minimum NsUnfilled,MagpieData maximum NsUnfilled,MagpieData range NsUnfilled,MagpieData mean NsUnfilled,MagpieData avg_dev NsUnfilled,MagpieData mode NsUnfilled,MagpieData minimum NpUnfilled,MagpieData maximum NpUnfilled,MagpieData range NpUnfilled,MagpieData mean NpUnfilled,MagpieData avg_dev NpUnfilled,MagpieData mode NpUnfilled,MagpieData minimum NdUnfilled,MagpieData maximum NdUnfilled,MagpieData range NdUnfilled,MagpieData mean NdUnfilled,MagpieData avg_dev NdUnfilled,MagpieData mode NdUnfilled,MagpieData minimum NfUnfilled,MagpieData maximum NfUnfilled,MagpieData range NfUnfilled,MagpieData mean NfUnfilled,MagpieData avg_dev NfUnfilled,MagpieData mode NfUnfilled,MagpieData minimum NUnfilled,MagpieData maximum NUnfilled,MagpieData range NUnfilled,MagpieData mean NUnfilled,MagpieData avg_dev NUnfilled,MagpieData mode NUnfilled,MagpieData minimum GSvolume_pa,MagpieData maximum GSvolume_pa,MagpieData range GSvolume_pa,MagpieData mean GSvolume_pa,MagpieData avg_dev GSvolume_pa,MagpieData mode GSvolume_pa,MagpieData minimum GSbandgap,MagpieData maximum GSbandgap,MagpieData range GSbandgap,MagpieData mean GSbandgap,MagpieData avg_dev GSbandgap,MagpieData mode GSbandgap,MagpieData minimum GSmagmom,MagpieData maximum GSmagmom,MagpieData range GSmagmom,MagpieData mean GSmagmom,MagpieData avg_dev GSmagmom,MagpieData mode GSmagmom,MagpieData minimum SpaceGroupNumber,MagpieData maximum SpaceGroupNumber,MagpieData range SpaceGroupNumber,MagpieData mean SpaceGroupNumber,MagpieData avg_dev SpaceGroupNumber,MagpieData mode SpaceGroupNumber
Ba3AsBr3,33.0,56.0,23.0,43.7142857143,10.5306122449,35.0,9.0,95.0,86.0,56.5714285714,40.7755102041,9.0,74.9216,137.327,62.4054,103.8020857143,28.7356408163,79.904,265.8,1090.0,824.2,698.2,370.6285714286,265.8,2.0,17.0,15.0,10.2857142857,7.1020408163,2.0,4.0,6.0,2.0,4.8571428571,0.9795918367,4.0,119.0,215.0,96.0,160.5714285714,46.6530612245,120.0,0.89,2.96,2.07,1.9614285714,0.9183673469,0.89,2.0,2.0,0.0,2.0,0.0,2.0,0.0,5.0,5.0,2.5714285714,2.2040816327,0.0,0.0,10.0,10.0,5.7142857143,4.8979591837,0.0,0.0,0.0,0.0,0.0,0.0,0.0,2.0,17.0,15.0,10.2857142857,7.1020408163,2.0,0.0,0.0,0.0,0.0,0.0,0.0,0.0,3.0,3.0,0.8571428571,0.7346938776,0.0,0.0,0.0,0.0,0.0,0.0,0.0,0.0,0.0,0.0,0.0,0.0,0.0,0.0,3.0,3.0,0.8571428571,0.7346938776,0.0,22.175,63.59,41.415,43.055,17.6014285714,29.48,0.0,1.457,1.457,0.6244285714,0.7136326531,0.0,0.0,0.0,0.0,0.0,0.0,0.0,64.0,229.0,165.0,149.2857142857,73.1020408163,64.0
Ba3AsCl3,17.0,56.0,39.0,36.0,17.1428571429,17.0,9.0,94.0,85.0,56.1428571429,40.4081632653,9.0,35.453,137.327,101.874,84.7516571429,45.0645795918,35.453,171.6,1090.0,918.4,657.8285714286,416.7673469388,171.6,2.0,17.0,15.0,10.2857142857,7.1020408163,2.0,3.0,6.0,3.0,4.4285714286,1.3469387755,3.0,102.0,215.0,113.0,152.8571428571,53.2653061224,102.0,0.89,3.16,2.27,2.0471428571,0.9918367347,0.89,2.0,2.0,0.0,2.0,0.0,2.0,0.0,5.0,5.0,2.5714285714,2.2040816327,0.0,0.0,10.0,10.0,1.4285714286,2.4489795918,0.0,0.0,0.0,0.0,0.0,0.0,0.0,2.0,15.0,13.0,6.0,3.4285714286,2.0,0.0,0.0,0.0,0.0,0.0,0.0,0.0,3.0,3.0,0.8571428571,0.7346938776,0.0,0.0,0.0,0.0,0.0,0.0,0.0,0.0,0.0,0.0,0.0,0.0,0.0,0.0,3.0,3.0,0.8571428571,0.7346938776,0.0,22.175,63.59,41.415,40.9196428571,19.4317346939,24.4975,0.0,2.493,2.493,1.0684285714,1.2210612245,0.0,0.0,0.0,0.0,0.0,0.0,0.0,64.0,229.0,165.0,149.2857142857,73.1020408163,64.0
Ba3AsI3,33.0,56.0,23.0,51.4285714286,5.2653061224,53.0,9.0,96.0,87.0,57.0,41.1428571429,9.0,74.9216,137.327,62.4054,123.9451442857,14.0067269388,126.90447,386.85,1090.0,703.15,750.0785714286,311.3387755102,386.85,2.0,17.0,15.0,10.2857142857,7.1020408163,2.0,4.0,6.0,2.0,5.2857142857,0.612244898,5.0,119.0,215.0,96.0,168.7142857143,39.6734693878,139.0,0.89,2.66,1.77,1.8328571429,0.8081632653,0.89,2.0,2.0,0.0,2.0,0.0,2.0,0.0,5.0,5.0,2.5714285714,2.2040816327,0.0,0.0,10.0,10.0,5.7142857143,4.8979591837,0.0,0.0,0.0,0.0,0.0,0.0,0.0,2.0,17.0,15.0,10.2857142857,7.1020408163,2.0,0.0,0.0,0.0,0.0,0.0,0.0,0.0,3.0,3.0,0.8571428571,0.7346938776,0.0,0.0,0.0,0.0,0.0,0.0,0.0,0.0,0.0,0.0,0.0,0.0,0.0,0.0,3.0,3.0,0.8571428571,0.7346938776,0.0,22.175,63.59,41.415,48.8557142857,12.6293877551,43.015,0.0,1.062,1.062,0.4551428571,0.5201632653,0.0,0.0,0.0,0.0,0.0,0.0,0.0,64.0,229.0,165.0,149.2857142857,73.1020408163,64.0
Ba3BiBr3,35.0,83.0,48.0,50.8571428571,13.5918367347,35.0,9.0,95.0,86.0,56.8571428571,41.0204081633,9.0,79.904,208.9804,129.0764,122.9533428571,36.8994367347,79.904,265.8,1000.0,734.2,620.2571428571,325.493877551,265.8,2.0,17.0,15.0,10.2857142857,7.1020408163,2.0,4.0,6.0,2.0,5.1428571429,0.9795918367,4.0,120.0,215.0,95.0,164.7142857143,43.1020408163,120.0,0.89,2.96,2.07,1.9385714286,0.8987755102,0.89,2.0,2.0,0.0,2.0,0.0,2.0,0.0,5.0,5.0,2.5714285714,2.2040816327,0.0,0.0,10.0,10.0,5.7142857143,4.8979591837,0.0,0.0,14.0,14.0,2.0,3.4285714286,0.0,2.0,29.0,27.0,12.2857142857,8.8163265306,2.0,0.0,0.0,0.0,0.0,0.0,0.0,0.0,3.0,3.0,0.8571428571,0.7346938776,0.0,0.0,0.0,0.0,0.0,0.0,0.0,0.0,0.0,0.0,0.0,0.0,0.0,0.0,3.0,3.0,0.8571428571,0.7346938776,0.0,29.48,63.59,34.11,44.5942857143,16.2820408163,29.48,0.0,1.457,1.457,0.6244285714,0.7136326531,0.0,0.0,0.0,0.0,0.0,0.0,0.0,12.0,229.0,217.0,127.2857142857,87.1836734694,64.0
Ba3BiCl3,17.0,83.0,66.0,43.1428571429,22.4081632653,17.0,9.0,94.0,85.0,56.4285714286,40.6530612245,9.0,35.453,208.9804,173.5274,103.9029142857,58.671355102,35.453,171.6,1000.0,828.4,579.8857142857,360.0979591837,171.6,2.0,17.0,15.0,10.2857142857,7.1020408163,2.0,3.0,6.0,3.0,4.7142857143,1.4693877551,3.0,102.0,215.0,113.0,157.0,49.7142857143,102.0,0.89,3.16,2.27,2.0242857143,0.9734693878,0.89,2.0,2.0,0.0,2.0,0.0,2.0,0.0,5.0,5.0,2.5714285714,2.2040816327,0.0,0.0,10.0,10.0,1.4285714286,2.4489795918,0.0,0.0,14.0,14.0,2.0,3.4285714286,0.0,2.0,29.0,27.0,8.0,6.0,2.0,0.0,0.0,0.0,0.0,0.0,0.0,0.0,3.0,3.0,0.8571428571,0.7346938776,0.0,0.0,0.0,0.0,0.0,0.0,0.0,0.0,0.0,0.0,0.0,0.0,0.0,0.0,3.0,3.0,0.8571428571,0.7346938776,0.0,24.4975,63.59,39.0925,42.4589285714,18.1123469388,24.4975,0.0,2.493,2.493,1.0684285714,1.2210612245,0.0,0.0,0.0,0.0,0.0,0.0,0.0,12.0,229.0,217.0,127.2857142857,87.1836734694,64.0
Ba3BiI3,53.0,83.0,30.0,58.5714285714,6.9795918367,53.0,9.0,96.0,87.0,57.2857142857,41.387755102,9.0,126.90447,208.9804,82.07593,143.0964014286,18.8239995918,126.90447,386.85,1000.0,613.15,672.1357142857,281.0265306122,386.85,2.0,17.0,15.0,10.2857142857,7.1020408163,2.0,5.0,6.0,1.0,5.5714285714,0.4897959184,5.0,139.0,215.0,76.0,172.8571428571,36.1224489796,139.0,0.89,2.66,1.77,1.81,0.7885714286,0.89,2.0,2.0,0.0,2.0,0.0,2.0,0.0,5.0,5.0,2.5714285714,2.2040816327,0.0,0.0,10.0,10.0,5.7142857143,4.8979591837,0.0,0.0,14.0,14.0,2.0,3.4285714286,0.0,2.0,29.0,27.0,12.2857142857,8.8163265306,2.0,0.0,0.0,0.0,0.0,0.0,0.0,0.0,3.0,3.0,0.8571428571,0.7346938776,0.0,0.0,0.0,0.0,0.0,0.0,0.0,0.0,0.0,0.0,0.0,0.0,0.0,0.0,3.0,3.0,0.8571428571,0.7346938776,0.0,32.95,63.59,30.64,50.395,11.31,43.015,0.0,1.062,1.062,0.4551428571,0.5201632653,0.0,0.0,0.0,0.0,0.0,0.0,0.0,12.0,229.0,217.0,127.2857142857,87.1836734694,64.0
Ba3PBr3,15.0,56.0,41.0,41.1428571429,12.7346938776,35.0,9.0,95.0,86.0,56.4285714286,40.6530612245,9.0,30.973762,137.327,106.353238,97.5238231429,34.1170087347,79.904,265.8,1000.0,734.2,587.8142857143,353.3020408163,265.8,2.0,17.0,15.0,10.2857142857,7.1020408163,2.0,3.0,6.0,3.0,4.7142857143,1.1020408163,4.0,107.0,215.0,108.0,158.8571428571,48.1224489796,120.0,0.89,2.96,2.07,1.9628571429,0.9195918367,0.89,2.0,2.0,0.0,2.0,0.0,2.0,0.0,5.0,5.0,2.5714285714,2.2040816327,0.0,0.0,10.0,10.0,4.2857142857,4.8979591837,0.0,0.0,0.0,0.0,0.0,0.0,0.0,2.0,17.0,15.0,8.8571428571,6.9795918367,2.0,0.0,0.0,0.0,0.0,0.0,0.0,0.0,3.0,3.0,0.8571428571,0.7346938776,0.0,0.0,0.0,0.0,0.0,0.0,0.0,0.0,0.0,0.0,0.0,0.0,0.0,0.0,3.0,3.0,0.8571428571,0.7346938776,0.0,22.5702380952,63.59,41.0197619048,43.111462585,17.55303207,29.48,0.0,1.625,1.625,0.8565714286,0.7342040816,0.0,0.0,0.0,0.0,0.0,0.0,0.0,2.0,229.0,227.0,125.8571428571,88.4081632653,64.0
Ba3PCl3,15.0,56.0,41.0,33.4285714286,19.3469387755,17.0,9.0,94.0,85.0,56.0,40.2857142857,9.0,30.973762,137.327,106.353238,78.4733945714,50.4459475102,35.453,171.6,1000.0,828.4,547.4428571429,387.906122449,171.6,2.0,17.0,15.0,10.2857142857,7.1020408163,2.0,3.0,6.0,3.0,4.2857142857,1.4693877551,3.0,102.0,215.0,113.0,151.1428571429,54.7346938776,102.0,0.89,3.16,2.27,2.0485714286,0.9930612245,0.89,2.0,2.0,0.0,2.0,0.0,2.0,0.0,5.0,5.0,2.5714285714,2.2040816327,0.0,0.0,0.0,0.0,0.0,0.0,0.0,0.0,0.0,0.0,0.0,0.0,0.0,2.0,7.0,5.0,4.5714285714,2.2040816327,2.0,0.0,0.0,0.0,0.0,0.0,0.0,0.0,3.0,3.0,0.8571428571,0.7346938776,0.0,0.0,0.0,0.0,0.0,0.0,0.0,0.0,0.0,0.0,0.0,0.0,0.0,0.0,3.0,3.0,0.8571428571,0.7346938776,0.0,22.5702380952,63.59,41.0197619048,40.9761054422,19.3833381924,24.4975,0.0,2.493,2.493,1.3005714286,1.1147755102,0.0,0.0,0.0,0.0,0.0,0.0,0.0,2.0,229.0,227.0,125.8571428571,88.4081632653,64.0
Ba3PI3,15.0,56.0,41.0,48.8571428571,9.6734693878,53.0,9.0,96.0,87.0,56.8571428571,41.0204081633,9.0,30.973762,137.327,106.353238,117.6668817143,24.7694627755,126.90447,317.3,1000.0,682.7,639.6928571429,308.8346938776,386.85,2.0,17.0,15.0,10.2857142857,7.1020408163,2.0,3.0,6.0,3.0,5.1428571429,0.7346938776,5.0,107.0,215.0,108.0,167.0,41.1428571429,139.0,0.89,2.66,1.77,1.8342857143,0.8093877551,0.89,2.0,2.0,0.0,2.0,0.0,2.0,0.0,5.0,5.0,2.5714285714,2.2040816327,0.0,0.0,10.0,10.0,4.2857142857,4.8979591837,0.0,0.0,0.0,0.0,0.0,0.0,0.0,2.0,17.0,15.0,8.8571428571,6.9795918367,2.0,0.0,0.0,0.0,0.0,0.0,0.0,0.0,3.0,3.0,0.8571428571,0.7346938776,0.0,0.0,0.0,0.0,0.0,0.0,0.0,0.0,0.0,0.0,0.0,0.0,0.0,0.0,3.0,3.0,0.8571428571,0.7346938776,0.0,22.5702380952,63.59,41.0197619048,48.9121768707,12.5809912536,43.015,0.0,1.625,1.625,0.6872857143,0.5891020408,0.0,0.0,0.0,0.0,0.0,0.0,0.0,2.0,229.0,227.0,125.8571428571,88.4081632653,64.0
Ba3SbBr3,35.0,56.0,21.0,46.2857142857,9.6734693878,35.0,9.0,95.0,86.0,56.7142857143,40.8979591837,9.0,79.904,137.327,57.423,110.4932857143,26.2193877551,79.904,265.8,1000.0,734.2,671.5971428571,347.826122449,265.8,2.0,17.0,15.0,10.2857142857,7.1020408163,2.0,4.0,6.0,2.0,5.0,0.8571428571,4.0,120.0,215.0,95.0,163.4285714286,44.2040816327,120.0,0.89,2.96,2.07,1.9428571429,0.9024489796,0.89,2.0,2.0,0.0,2.0,0.0,2.0,0.0,5.0,5.0,2.5714285714,2.2040816327,0.0,0.0,10.0,10.0,5.7142857143,4.8979591837,0.0,0.0,0.0,0.0,0.0,0.0,0.0,2.0,17.0,15.0,10.2857142857,7.1020408163,2.0,0.0,0.0,0.0,0.0,0.0,0.0,0.0,3.0,3.0,0.8571428571,0.7346938776,0.0,0.0,0.0,0.0,0.0,0.0,0.0,0.0,0.0,0.0,0.0,0.0,0.0,0.0,3.0,3.0,0.8571428571,0.7346938776,0.0,29.48,63.59,34.11,44.3957142857,16.452244898,29.48,0.0,1.457,1.457,0.6244285714,0.7136326531,0.0,0.0,0.0,0.0,0.0,0.0,0.0,64.0,229.0,165.0,149.2857142857,73.1020408163,64.0
Ba3SbCl3,17.0,56.0,39.0,38.5714285714,18.4897959184,17.0,9.0,94.0,85.0,56.2857142857,40.5306122449,9.0,35.453,137.327,101.874,91.4428571429,47.9913061224,35.453,171.6,1000.0,828.4,631.2257142857,393.9648979592,171.6,2.0,17.0,15.0,10.2857142857,7.1020408163,2.0,3.0,6.0,3.0,4.5714285714,1.3469387755,3.0,102.0,215.0,113.0,155.7142857143,50.8163265306,102.0,0.89,3.16,2.27,2.0285714286,0.9759183673,0.89,2.0,2.0,0.0,2.0,0.0,2.0,0.0,5.0,5.0,2.5714285714,2.2040816327,0.0,0.0,10.0,10.0,1.4285714286,2.4489795918,0.0,0.0,0.0,0.0,0.0,0.0,0.0,2.0,15.0,13.0,6.0,3.4285714286,2.0,0.0,0.0,0.0,0.0,0.0,0.0,0.0,3.0,3.0,0.8571428571,0.7346938776,0.0,0.0,0.0,0.0,0.0,0.0,0.0,0.0,0.0,0.0,0.0,0.0,0.0,0.0,3.0,3.0,0.8571428571,0.7346938776,0.0,24.4975,63.59,39.0925,42.2603571429,18.2825510204,24.4975,0.0,2.493,2.493,1.0684285714,1.2210612245,0.0,0.0,0.0,0.0,0.0,0.0,0.0,64.0,229.0,165.0,149.2857142857,73.1020408163,64.0
Ba3SbI3,51.0,56.0,5.0,54.0,1.7142857143,53.0,9.0,96.0,87.0,57.1428571429,41.2653061224,9.0,121.76,137.327,15.567,130.6363442857,5.7348477551,126.90447,386.85,1000.0,613.15,723.4757142857,288.5363265306,386.85,2.0,17.0,15.0,10.2857142857,7.1020408163,2.0,5.0,6.0,1.0,5.4285714286,0.4897959184,5.0,139.0,215.0,76.0,171.5714285714,37.2244897959,139.0,0.89,2.66,1.77,1.8142857143,0.792244898,0.89,2.0,2.0,0.0,2.0,0.0,2.0,0.0,5.0,5.0,2.5714285714,2.2040816327,0.0,0.0,10.0,10.0,5.7142857143,4.8979591837,0.0,0.0,0.0,0.0,0.0,0.0,0.0,2.0,17.0,15.0,10.2857142857,7.1020408163,2.0,0.0,0.0,0.0,0.0,0.0,0.0,0.0,3.0,3.0,0.8571428571,0.7346938776,0.0,0.0,0.0,0.0,0.0,0.0,0.0,0.0,0.0,0.0,0.0,0.0,0.0,0.0,3.0,3.0,0.8571428571,0.7346938776,0.0,31.56,63.59,32.03,50.1964285714,11.4802040816,43.015,0.0,1.062,1.062,0.4551428571,0.5201632653,0.0,0.0,0.0,0.0,0.0,0.0,0.0,64.0,229.0,165.0,149.2857142857,73.1020408163,64.0
Ca3AsBr3,20.0,35.0,15.0,28.2857142857,7.1020408163,20.0,7.0,95.0,88.0,55.7142857143,41.7551020408,7.0,40.078,79.904,39.826,62.1239428571,18.896522449,40.078,265.8,1115.0,849.2,747.4857142857,412.8734693878,265.8,2.0,17.0,15.0,10.2857142857,7.1020408163,2.0,4.0,4.0,0.0,4.0,0.0,4.0,119.0,176.0,57.0,143.8571428571,27.5510204082,120.0,1.0,2.96,1.96,2.0085714286,0.8644897959,1.0,2.0,2.0,0.0,2.0,0.0,2.0,0.0,5.0,5.0,2.5714285714,2.2040816327,0.0,0.0,10.0,10.0,5.7142857143,4.8979591837,0.0,0.0,0.0,0.0,0.0,0.0,0.0,2.0,17.0,15.0,10.2857142857,7.1020408163,2.0,0.0,0.0,0.0,0.0,0.0,0.0,0.0,3.0,3.0,0.8571428571,0.7346938776,0.0,0.0,0.0,0.0,0.0,0.0,0.0,0.0,0.0,0.0,0.0,0.0,0.0,0.0,3.0,3.0,0.8571428571,0.7346938776,0.0,22.175,37.77,15.595,31.9892857143,4.9548979592,29.48,0.0,1.457,1.457,0.6244285714,0.7136326531,0.0,0.0,0.0,0.0,0.0,0.0,0.0,64.0,225.0,161.0,147.5714285714,71.6326530612,64.0
Ca3AsCl3,17.0,33.0,16.0,20.5714285714,3.5510204082,17.0,7.0,94.0,87.0,55.2857142857,41.387755102,7.0,35.453,74.9216,39.4686,43.0735142857,9.0994530612,35.453,171.6,1115.0,943.4,707.1142857143,459.012244898,171.6,2.0,17.0,15.0,10.2857142857,7.1020408163,2.0,3.0,4.0,1.0,3.5714285714,0.4897959184,3.0,102.0,176.0,74.0,136.1428571429,34.1632653061,102.0,1.0,3.16,2.16,2.0942857143,0.9379591837,1.0,2.0,2.0,0.0,2.0,0.0,2.0,0.0,5.0,5.0,2.5714285714,2.2040816327,0.0,0.0,10.0,10.0,1.4285714286,2.4489795918,0.0,0.0,0.0,0.0,0.0,0.0,0.0,2.0,15.0,13.0,6.0,3.4285714286,2.0,0.0,0.0,0.0,0.0,0.0,0.0,0.0,3.0,3.0,0.8571428571,0.7346938776,0.0,0.0,0.0,0.0,0.0,0.0,0.0,0.0,0.0,0.0,0.0,0.0,0.0,0.0,3.0,3.0,0.8571428571,0.7346938776,0.0,22.175,37.77,15.595,29.8539285714,6.7852040816,24.4975,0.0,2.493,2.493,1.0684285714,1.2210612245,0.0,0.0,0.0,0.0,0.0,0.0,0.0,64.0,225.0,161.0,147.5714285714,71.6326530612,64.0
Ca3AsF3,9.0,33.0,24.0,17.1428571429,6.9795918367,9.0,7.0,93.0,86.0,54.8571428571,41.0204081633,7.0,18.9984032,74.9216,55.9231968,36.0215442286,14.5912637388,18.9984032,53.5,1115.0,1061.5,656.5,516.8571428571,53.5,2.0,17.0,15.0,10.2857142857,7.1020408163,2.0,2.0,4.0,2.0,3.1428571429,0.9795918367,2.0,57.0,176.0,119.0,116.8571428571,51.306122449,57.0,1.0,3.98,2.98,2.4457142857,1.3151020408,1.0,2.0,2.0,0.0,2.0,0.0,2.0,0.0,5.0,5.0,2.5714285714,2.2040816327,0.0,0.0,10.0,10.0,1.4285714286,2.4489795918,0.0,0.0,0.0,0.0,0.0,0.0,0.0,2.0,15.0,13.0,6.0,3.4285714286,2.0,0.0,0.0,0.0,0.0,0.0,0.0,0.0,3.0,3.0,0.8571428571,0.7346938776,0.0,0.0,0.0,0.0,0.0,0.0,0.0,0.0,0.0,0.0,0.0,0.0,0.0,0.0,3.0,3.0,0.8571428571,0.7346938776,0.0,9.7075,37.77,28.0625,23.5153571429,12.2182653061,9.7075,0.0,1.97,1.97,0.8442857143,0.9648979592,0.0,0.0,0.0,0.0,0.0,0.0,0.0,15.0,225.0,210.0,126.5714285714,95.6326530612,15.0
Ca3BiBr3,20.0,83.0,63.0,35.4285714286,13.5918367347,20.0,7.0,95.0,88.0,56.0,42.0,7.0,40.078,208.9804,168.9024,81.2752,36.4872,40.078,265.8,1115.0,849.2,669.5428571429,381.8204081633,265.8,2.0,17.0,15.0,10.2857142857,7.1020408163,2.0,4.0,6.0,2.0,4.2857142857,0.4897959184,4.0,120.0,176.0,56.0,148.0,24.0,120.0,1.0,2.96,1.96,1.9857142857,0.8448979592,1.0,2.0,2.0,0.0,2.0,0.0,2.0,0.0,5.0,5.0,2.5714285714,2.2040816327,0.0,0.0,10.0,10.0,5.7142857143,4.8979591837,0.0,0.0,14.0,14.0,2.0,3.4285714286,0.0,2.0,29.0,27.0,12.2857142857,8.8163265306,2.0,0.0,0.0,0.0,0.0,0.0,0.0,0.0,3.0,3.0,0.8571428571,0.7346938776,0.0,0.0,0.0,0.0,0.0,0.0,0.0,0.0,0.0,0.0,0.0,0.0,0.0,0.0,3.0,3.0,0.8571428571,0.7346938776,0.0,29.48,37.77,8.29,33.5285714286,3.6355102041,29.48,0.0,1.457,1.457,0.6244285714,0.7136326531,0.0,0.0,0.0,0.0,0.0,0.0,0.0,12.0,225.0,213.0,125.5714285714,85.2244897959,64.0
Ca3BiCl3,17.0,83.0,66.0,27.7142857143,15.7959183673,17.0,7.0,94.0,87.0,55.5714285714,41.6326530612,7.0,35.453,208.9804,173.5274,62.2247714286,41.9301795918,35.453,171.6,1115.0,943.4,629.1714285714,416.4244897959,171.6,2.0,17.0,15.0,10.2857142857,7.1020408163,2.0,3.0,6.0,3.0,3.8571428571,0.7346938776,3.0,102.0,176.0,74.0,140.2857142857,32.8163265306,102.0,1.0,3.16,2.16,2.0714285714,0.9330612245,1.0,2.0,2.0,0.0,2.0,0.0,2.0,0.0,5.0,5.0,2.5714285714,2.2040816327,0.0,0.0,10.0,10.0,1.4285714286,2.4489795918,0.0,0.0,14.0,14.0,2.0,3.4285714286,0.0,2.0,29.0,27.0,8.0,6.0,2.0,0.0,0.0,0.0,0.0,0.0,0.0,0.0,3.0,3.0,0.8571428571,0.7346938776,0.0,0.0,0.0,0.0,0.0,0.0,0.0,0.0,0.0,0.0,0.0,0.0,0.0,0.0,3.0,3.0,0.8571428571,0.7346938776,0.0,24.4975,37.77,13.2725,31.3932142857,5.9106122449,24.4975,0.0,2.493,2.493,1.0684285714,1.2210612245,0.0,0.0,0.0,0.0,0.0,0.0,0.0,12.0,225.0,213.0,125.5714285714,85.2244897959,64.0
Ca3BiI3,20.0,83.0,63.0,43.1428571429,19.8367346939,20.0,7.0,96.0,89.0,56.4285714286,42.3673469388,7.0,40.078,208.9804,168.9024,101.4182585714,52.5773644898,40.078,386.85,1115.0,728.15,721.4214285714,337.3530612245,386.85,2.0,17.0,15.0,10.2857142857,7.1020408163,2.0,4.0,6.0,2.0,4.7142857143,0.612244898,4.0,139.0,176.0,37.0,156.1428571429,17.0204081633,139.0,1.0,2.66,1.66,1.8571428571,0.7346938776,1.0,2.0,2.0,0.0,2.0,0.0,2.0,0.0,5.0,5.0,2.5714285714,2.2040816327,0.0,0.0,10.0,10.0,5.7142857143,4.8979591837,0.0,0.0,14.0,14.0,2.0,3.4285714286,0.0,2.0,29.0,27.0,12.2857142857,8.8163265306,2.0,0.0,0.0,0.0,0.0,0.0,0.0,0.0,3.0,3.0,0.8571428571,0.7346938776,0.0,0.0,0.0,0.0,0.0,0.0,0.0,0.0,0.0,0.0,0.0,0.0,0.0,0.0,3.0,3.0,0.8571428571,0.7346938776,0.0,32.95,43.015,10.065,39.3292857143,3.1591836735,37.77,0.0,1.062,1.062,0.4551428571,0.5201632653,0.0,0.0,0.0,0.0,0.0,0.0,0.0,12.0,225.0,213.0,125.5714285714,85.2244897959,64.0
Ca3PBr3,15.0,35.0,20.0,25.7142857143,7.9591836735,20.0,7.0,95.0,88.0,55.5714285714,41.6326530612,7.0,30.973762,79.904,48.930238,55.8456802857,20.621416898,40.078,265.8,1115.0,849.2,637.1,409.6285714286,265.8,2.0,17.0,15.0,10.2857142857,7.1020408163,2.0,3.0,4.0,1.0,3.8571428571,0.2448979592,4.0,107.0,176.0,69.0,142.1428571429,29.0204081633,120.0,1.0,2.96,1.96,2.01,0.8657142857,1.0,2.0,2.0,0.0,2.0,0.0,2.0,0.0,5.0,5.0,2.5714285714,2.2040816327,0.0,0.0,10.0,10.0,4.2857142857,4.8979591837,0.0,0.0,0.0,0.0,0.0,0.0,0.0,2.0,17.0,15.0,8.8571428571,6.9795918367,2.0,0.0,0.0,0.0,0.0,0.0,0.0,0.0,3.0,3.0,0.8571428571,0.7346938776,0.0,0.0,0.0,0.0,0.0,0.0,0.0,0.0,0.0,0.0,0.0,0.0,0.0,0.0,3.0,3.0,0.8571428571,0.7346938776,0.0,22.5702380952,37.77,15.1997619048,32.0457482993,4.9065014577,29.48,0.0,1.625,1.625,0.8565714286,0.7342040816,0.0,0.0,0.0,0.0,0.0,0.0,0.0,2.0,225.0,223.0,124.1428571429,86.4489795918,64.0
Ca3PCl3,15.0,20.0,5.0,18.0,1.7142857143,17.0,7.0,94.0,87.0,55.1428571429,41.2653061224,7.0,30.973762,40.078,9.104238,36.7952517143,2.8137842449,35.453,171.6,1115.0,943.4,596.7285714286,444.2326530612,171.6,2.0,17.0,15.0,10.2857142857,7.1020408163,2.0,3.0,4.0,1.0,3.4285714286,0.4897959184,3.0,102.0,176.0,74.0,134.4285714286,35.6326530612,102.0,1.0,3.16,2.16,2.0957142857,0.9391836735,1.0,2.0,2.0,0.0,2.0,0.0,2.0,0.0,5.0,5.0,2.5714285714,2.2040816327,0.0,0.0,0.0,0.0,0.0,0.0,0.0,0.0,0.0,0.0,0.0,0.0,0.0,2.0,7.0,5.0,4.5714285714,2.2040816327,2.0,0.0,0.0,0.0,0.0,0.0,0.0,0.0,3.0,3.0,0.8571428571,0.7346938776,0.0,0.0,0.0,0.0,0.0,0.0,0.0,0.0,0.0,0.0,0.0,0.0,0.0,0.0,3.0,3.0,0.8571428571,0.7346938776,0.0,22.5702380952,37.77,15.1997619048,29.9103911565,6.7368075802,24.4975,0.0,2.493,2.493,1.3005714286,1.1147755102,0.0,0.0,0.0,0.0,0.0,0.0,0.0,2.0,225.0,223.0,124.1428571429,86.4489795918,64.0
Ca3PF3,9.0,20.0,11.0,14.5714285714,4.7755102041,9.0,7.0,93.0,86.0,54.7142857143,40.8979591837,7.0,18.9984032,40.078,21.0795968,29.7432816571,9.2098958204,18.9984032,53.5,1115.0,1061.5,546.1142857143,487.6163265306,53.5,2.0,17.0,15.0,10.2857142857,7.1020408163,2.0,2.0,4.0,2.0,3.0,0.8571428571,2.0,57.0,176.0,119.0,115.1428571429,52.1632653061,57.0,1.0,3.98,2.98,2.4471428571,1.313877551,1.0,2.0,2.0,0.0,2.0,0.0,2.0,0.0,5.0,5.0,2.5714285714,2.2040816327,0.0,0.0,0.0,0.0,0.0,0.0,0.0,0.0,0.0,0.0,0.0,0.0,0.0,2.0,7.0,5.0,4.5714285714,2.2040816327,2.0,0.0,0.0,0.0,0.0,0.0,0.0,0.0,3.0,3.0,0.8571428571,0.7346938776,0.0,0.0,0.0,0.0,0.0,0.0,0.0,0.0,0.0,0.0,0.0,0.0,0.0,0.0,3.0,3.0,0.8571428571,0.7346938776,0.0,9.7075,37.77,28.0625,23.5718197279,12.1698688047,9.7075,0.0,1.97,1.97,1.0764285714,0.9226530612,0.0,0.0,0.0,0.0,0.0,0.0,0.0,2.0,225.0,223.0,103.1428571429,104.4489795918,15.0
Ca3PI3,15.0,53.0,38.0,33.4285714286,16.7755102041,20.0,7.0,96.0,89.0,56.0,42.0,7.0,30.973762,126.90447,95.930708,75.9887388571,43.6420552653,40.078,317.3,1115.0,797.7,688.9785714286,365.1612244898,386.85,2.0,17.0,15.0,10.2857142857,7.1020408163,2.0,3.0,5.0,2.0,4.2857142857,0.612244898,4.0,107.0,176.0,69.0,150.2857142857,22.0408163265,139.0,1.0,2.66,1.66,1.8814285714,0.7555102041,1.0,2.0,2.0,0.0,2.0,0.0,2.0,0.0,5.0,5.0,2.5714285714,2.2040816327,0.0,0.0,10.0,10.0,4.2857142857,4.8979591837,0.0,0.0,0.0,0.0,0.0,0.0,0.0,2.0,17.0,15.0,8.8571428571,6.9795918367,2.0,0.0,0.0,0.0,0.0,0.0,0.0,0.0,3.0,3.0,0.8571428571,0.7346938776,0.0,0.0,0.0,0.0,0.0,0.0,0.0,0.0,0.0,0.0,0.0,0.0,0.0,0.0,3.0,3.0,0.8571428571,0.7346938776,0.0,22.5702380952,43.015,20.4447619048,37.846462585,4.4301749271,37.77,0.0,1.625,1.625,0.6872857143,0.5891020408,0.0,0.0,0.0,0.0,0.0,0.0,0.0,2.0,225.0,223.0,124.1428571429,86.4489795918,64.0
Ca3SbBr3,20.0,51.0,31.0,30.8571428571,9.306122449,20.0,7.0,95.0,88.0,55.8571428571,41.8775510204,7.0,40.078,121.76,81.682,68.8151428571,24.6318367347,40.078,265.8,1115.0,849.2,720.8828571429,390.0710204082,265.8,2.0,17.0,15.0,10.2857142857,7.1020408163,2.0,4.0,5.0,1.0,4.1428571429,0.2448979592,4.0,120.0,176.0,56.0,146.7142857143,25.1020408163,120.0,1.0,2.96,1.96,1.99,0.8485714286,1.0,2.0,2.0,0.0,2.0,0.0,2.0,0.0,5.0,5.0,2.5714285714,2.2040816327,0.0,0.0,10.0,10.0,5.7142857143,4.8979591837,0.0,0.0,0.0,0.0,0.0,0.0,0.0,2.0,17.0,15.0,10.2857142857,7.1020408163,2.0,0.0,0.0,0.0,0.0,0.0,0.0,0.0,3.0,3.0,0.8571428571,0.7346938776,0.0,0.0,0.0,0.0,0.0,0.0,0.0,0.0,0.0,0.0,0.0,0.0,0.0,0.0,3.0,3.0,0.8571428571,0.7346938776,0.0,29.48,37.77,8.29,33.33,3.8057142857,29.48,0.0,1.457,1.457,0.6244285714,0.7136326531,0.0,0.0,0.0,0.0,0.0,0.0,0.0,64.0,225.0,161.0,147.5714285714,71.6326530612,64.0
Ca3SbCl3,17.0,51.0,34.0,23.1428571429,7.9591836735,17.0,7.0,94.0,87.0,55.4285714286,41.5102040816,7.0,35.453,121.76,86.307,49.7647142857,20.5700816327,35.453,171.6,1115.0,943.4,680.5114285714,436.2097959184,171.6,2.0,17.0,15.0,10.2857142857,7.1020408163,2.0,3.0,5.0,2.0,3.7142857143,0.612244898,3.0,102.0,176.0,74.0,139.0,31.7142857143,102.0,1.0,3.16,2.16,2.0757142857,0.9293877551,1.0,2.0,2.0,0.0,2.0,0.0,2.0,0.0,5.0,5.0,2.5714285714,2.2040816327,0.0,0.0,10.0,10.0,1.4285714286,2.4489795918,0.0,0.0,0.0,0.0,0.0,0.0,0.0,2.0,15.0,13.0,6.0,3.4285714286,2.0,0.0,0.0,0.0,0.0,0.0,0.0,0.0,3.0,3.0,0.8571428571,0.7346938776,0.0,0.0,0.0,0.0,0.0,0.0,0.0,0.0,0.0,0.0,0.0,0.0,0.0,0.0,3.0,3.0,0.8571428571,0.7346938776,0.0,24.4975,37.77,13.2725,31.1946428571,5.7404081633,24.4975,0.0,2.493,2.493,1.0684285714,1.2210612245,0.0,0.0,0.0,0.0,0.0,0.0,0.0,64.0,225.0,161.0,147.5714285714,71.6326530612,64.0
Ca3SbF3,9.0,51.0,42.0,19.7142857143,9.1836734694,9.0,7.0,93.0,86.0,55.0,41.1428571429,7.0,18.9984032,121.76,102.7615968,42.7127442286,22.5849302204,18.9984032,53.5,1115.0,1061.5,629.8971428571,494.0546938776,53.5,2.0,17.0,15.0,10.2857142857,7.1020408163,2.0,2.0,5.0,3.0,3.2857142857,1.1020408163,2.0,57.0,176.0,119.0,119.7142857143,53.7551020408,57.0,1.0,3.98,2.98,2.4271428571,1.3310204082,1.0,2.0,2.0,0.0,2.0,0.0,2.0,0.0,5.0,5.0,2.5714285714,2.2040816327,0.0,0.0,10.0,10.0,1.4285714286,2.4489795918,0.0,0.0,0.0,0.0,0.0,0.0,0.0,2.0,15.0,13.0,6.0,3.4285714286,2.0,0.0,0.0,0.0,0.0,0.0,0.0,0.0,3.0,3.0,0.8571428571,0.7346938776,0.0,0.0,0.0,0.0,0.0,0.0,0.0,0.0,0.0,0.0,0.0,0.0,0.0,0.0,3.0,3.0,0.8571428571,0.7346938776,0.0,9.7075,37.77,28.0625,24.8560714286,12.9844897959,9.7075,0.0,1.97,1.97,0.8442857143,0.9648979592,0.0,0.0,0.0,0.0,0.0,0.0,0.0,15.0,225.0,210.0,126.5714285714,95.6326530612,15.0
Mg3AsBr3,12.0,35.0,23.0,24.8571428571,11.0204081633,12.0,68.0,95.0,27.0,81.8571428571,11.8775510204,68.0,24.305,79.904,55.599,55.3640857143,26.6220734694,24.305,265.8,1090.0,824.2,665.2,342.3428571429,265.8,2.0,17.0,15.0,10.2857142857,7.1020408163,2.0,3.0,4.0,1.0,3.5714285714,0.4897959184,3.0,119.0,141.0,22.0,128.8571428571,10.4081632653,120.0,1.31,2.96,1.65,2.1414285714,0.7126530612,1.31,2.0,2.0,0.0,2.0,0.0,2.0,0.0,5.0,5.0,2.5714285714,2.2040816327,0.0,0.0,10.0,10.0,5.7142857143,4.8979591837,0.0,0.0,0.0,0.0,0.0,0.0,0.0,2.0,17.0,15.0,10.2857142857,7.1020408163,2.0,0.0,0.0,0.0,0.0,0.0,0.0,0.0,3.0,3.0,0.8571428571,0.7346938776,0.0,0.0,0.0,0.0,0.0,0.0,0.0,0.0,0.0,0.0,0.0,0.0,0.0,0.0,3.0,3.0,0.8571428571,0.7346938776,0.0,22.175,29.48,7.305,25.6121428571,3.3153061224,22.89,0.0,1.457,1.457,0.6244285714,0.7136326531,0.0,0.0,0.0,0.0,0.0,0.0,0.0,64.0,194.0,130.0,134.2857142857,60.2448979592,64.0
Mg3BiBr3,12.0,83.0,71.0,32.0,17.1428571429,12.0,68.0,95.0,27.0,82.1428571429,12.1224489796,68.0,24.305,208.9804,184.6754,74.5153428571,43.0374367347,24.305,265.8,923.0,657.2,587.2571428571,287.7795918367,265.8,2.0,17.0,15.0,10.2857142857,7.1020408163,2.0,3.0,6.0,3.0,3.8571428571,0.7346938776,3.0,120.0,148.0,28.0,133.0,11.1428571429,120.0,1.31,2.96,1.65,2.1185714286,0.7212244898,1.31,2.0,2.0,0.0,2.0,0.0,2.0,0.0,5.0,5.0,2.5714285714,2.2040816327,0.0,0.0,10.0,10.0,5.7142857143,4.8979591837,0.0,0.0,14.0,14.0,2.0,3.4285714286,0.0,2.0,29.0,27.0,12.2857142857,8.8163265306,2.0,0.0,0.0,0.0,0.0,0.0,0.0,0.0,3.0,3.0,0.8571428571,0.7346938776,0.0,0.0,0.0,0.0,0.0,0.0,0.0,0.0,0.0,0.0,0.0,0.0,0.0,0.0,3.0,3.0,0.8571428571,0.7346938776,0.0,22.89,32.95,10.06,27.1514285714,3.6526530612,22.89,0.0,1.457,1.457,0.6244285714,0.7136326531,0.0,0.0,0.0,0.0,0.0,0.0,0.0,12.0,194.0,182.0,112.2857142857,70.0408163265,64.0
Mg3BiI3,12.0,83.0,71.0,39.7142857143,23.7551020408,12.0,68.0,96.0,28.0,82.5714285714,12.4897959184,68.0,24.305,208.9804,184.6754,94.6584014286,60.3029155102,24.305,386.85,923.0,536.15,639.1357142857,243.312244898,386.85,2.0,17.0,15.0,10.2857142857,7.1020408163,2.0,3.0,6.0,3.0,4.2857142857,1.1020408163,3.0,139.0,148.0,9.0,141.1428571429,1.9591836735,139.0,1.31,2.66,1.35,1.99,0.5828571429,1.31,2.0,2.0,0.0,2.0,0.0,2.0,0.0,5.0,5.0,2.5714285714,2.2040816327,0.0,0.0,10.0,10.0,5.7142857143,4.8979591837,0.0,0.0,14.0,14.0,2.0,3.4285714286,0.0,2.0,29.0,27.0,12.2857142857,8.8163265306,2.0,0.0,0.0,0.0,0.0,0.0,0.0,0.0,3.0,3.0,0.8571428571,0.7346938776,0.0,0.0,0.0,0.0,0.0,0.0,0.0,0.0,0.0,0.0,0.0,0.0,0.0,0.0,3.0,3.0,0.8571428571,0.7346938776,0.0,22.89,43.015,20.125,32.9521428571,8.6253061224,22.89,0.0,1.062,1.062,0.4551428571,0.5201632653,0.0,0.0,0.0,0.0,0.0,0.0,0.0,12.0,194.0,182.0,112.2857142857,70.0408163265,64.0
Mg3PBr3,12.0,35.0,23.0,22.2857142857,10.8979591837,12.0,68.0,95.0,27.0,81.7142857143,11.7551020408,68.0,24.305,79.904,55.599,49.0858231429,26.4155801633,24.305,265.8,923.0,657.2,554.8142857143,315.587755102,265.8,2.0,17.0,15.0,10.2857142857,7.1020408163,2.0,3.0,4.0,1.0,3.4285714286,0.4897959184,3.0,107.0,141.0,34.0,127.1428571429,11.8775510204,120.0,1.31,2.96,1.65,2.1428571429,0.713877551,1.31,2.0,2.0,0.0,2.0,0.0,2.0,0.0,5.0,5.0,2.5714285714,2.2040816327,0.0,0.0,10.0,10.0,4.2857142857,4.8979591837,0.0,0.0,0.0,0.0,0.0,0.0,0.0,2.0,17.0,15.0,8.8571428571,6.9795918367,2.0,0.0,0.0,0.0,0.0,0.0,0.0,0.0,3.0,3.0,0.8571428571,0.7346938776,0.0,0.0,0.0,0.0,0.0,0.0,0.0,0.0,0.0,0.0,0.0,0.0,0.0,0.0,3.0,3.0,0.8571428571,0.7346938776,0.0,22.5702380952,29.48,6.9097619048,25.6686054422,3.266909621,22.89,0.0,1.625,1.625,0.8565714286,0.7342040816,0.0,0.0,0.0,0.0,0.0,0.0,0.0,2.0,194.0,192.0,110.8571428571,71.2653061224,64.0
Mg3PCl3,12.0,17.0,5.0,14.5714285714,2.2040816327,12.0,68.0,94.0,26.0,81.2857142857,11.387755102,68.0,24.305,35.453,11.148,30.0353945714,4.9117667755,24.305,171.6,923.0,751.4,514.4428571429,350.1918367347,171.6,2.0,17.0,15.0,10.2857142857,7.1020408163,2.0,3.0,3.0,0.0,3.0,0.0,3.0,102.0,141.0,39.0,119.4285714286,18.4897959184,102.0,1.31,3.16,1.85,2.2285714286,0.7983673469,1.31,2.0,2.0,0.0,2.0,0.0,2.0,0.0,5.0,5.0,2.5714285714,2.2040816327,0.0,0.0,0.0,0.0,0.0,0.0,0.0,0.0,0.0,0.0,0.0,0.0,0.0,2.0,7.0,5.0,4.5714285714,2.2040816327,2.0,0.0,0.0,0.0,0.0,0.0,0.0,0.0,3.0,3.0,0.8571428571,0.7346938776,0.0,0.0,0.0,0.0,0.0,0.0,0.0,0.0,0.0,0.0,0.0,0.0,0.0,0.0,3.0,3.0,0.8571428571,0.7346938776,0.0,22.5702380952,24.4975,1.9272619048,23.5332482993,0.8265014577,22.89,0.0,2.493,2.493,1.3005714286,1.1147755102,0.0,0.0,0.0,0.0,0.0,0.0,0.0,2.0,194.0,192.0,110.8571428571,71.2653061224,64.0
Mg3PI3,12.0,53.0,41.0,30.0,19.7142857143,12.0,68.0,96.0,28.0,82.1428571429,12.1224489796,68.0,24.305,126.90447,102.59947,69.2288817143,49.4362185306,24.305,317.3,923.0,605.7,606.6928571429,271.1204081633,386.85,2.0,17.0,15.0,10.2857142857,7.1020408163,2.0,3.0,5.0,2.0,3.8571428571,0.9795918367,3.0,107.0,141.0,34.0,135.2857142857,8.0816326531,139.0,1.31,2.66,1.35,2.0142857143,0.6036734694,1.31,2.0,2.0,0.0,2.0,0.0,2.0,0.0,5.0,5.0,2.5714285714,2.2040816327,0.0,0.0,10.0,10.0,4.2857142857,4.8979591837,0.0,0.0,0.0,0.0,0.0,0.0,0.0,2.0,17.0,15.0,8.8571428571,6.9795918367,2.0,0.0,0.0,0.0,0.0,0.0,0.0,0.0,3.0,3.0,0.8571428571,0.7346938776,0.0,0.0,0.0,0.0,0.0,0.0,0.0,0.0,0.0,0.0,0.0,0.0,0.0,0.0,3.0,3.0,0.8571428571,0.7346938776,0.0,22.5702380952,43.015,20.4447619048,31.4693197279,9.8962973761,22.89,0.0,1.625,1.625,0.6872857143,0.5891020408,0.0,0.0,0.0,0.0,0.0,0.0,0.0,2.0,194.0,192.0,110.8571428571,71.2653061224,64.0
Mg3SbBr3,12.0,51.0,39.0,27.4285714286,13.2244897959,12.0,68.0,95.0,27.0,82.0,12.0,68.0,24.305,121.76,97.455,62.0552857143,32.3573877551,24.305,265.8,923.0,657.2,638.5971428571,319.5404081633,265.8,2.0,17.0,15.0,10.2857142857,7.1020408163,2.0,3.0,5.0,2.0,3.7142857143,0.612244898,3.0,120.0,141.0,21.0,131.7142857143,10.0408163265,120.0,1.31,2.96,1.65,2.1228571429,0.7175510204,1.31,2.0,2.0,0.0,2.0,0.0,2.0,0.0,5.0,5.0,2.5714285714,2.2040816327,0.0,0.0,10.0,10.0,5.7142857143,4.8979591837,0.0,0.0,0.0,0.0,0.0,0.0,0.0,2.0,17.0,15.0,10.2857142857,7.1020408163,2.0,0.0,0.0,0.0,0.0,0.0,0.0,0.0,3.0,3.0,0.8571428571,0.7346938776,0.0,0.0,0.0,0.0,0.0,0.0,0.0,0.0,0.0,0.0,0.0,0.0,0.0,0.0,3.0,3.0,0.8571428571,0.7346938776,0.0,22.89,31.56,8.67,26.9528571429,3.4824489796,22.89,0.0,1.457,1.457,0.6244285714,0.7136326531,0.0,0.0,0.0,0.0,0.0,0.0,0.0,64.0,194.0,130.0,134.2857142857,60.2448979592,64.0
Mg3SbCl3,12.0,51.0,39.0,19.7142857143,8.9387755102,12.0,68.0,94.0,26.0,81.5714285714,11.6326530612,68.0,24.305,121.76,97.455,43.0048571429,22.5014693878,24.305,171.6,923.0,751.4,598.2257142857,365.6791836735,171.6,2.0,17.0,15.0,10.2857142857,7.1020408163,2.0,3.0,5.0,2.0,3.2857142857,0.4897959184,3.0,102.0,141.0,39.0,124.0,18.8571428571,102.0,1.31,3.16,1.85,2.2085714286,0.8155102041,1.31,2.0,2.0,0.0,2.0,0.0,2.0,0.0,5.0,5.0,2.5714285714,2.2040816327,0.0,0.0,10.0,10.0,1.4285714286,2.4489795918,0.0,0.0,0.0,0.0,0.0,0.0,0.0,2.0,15.0,13.0,6.0,3.4285714286,2.0,0.0,0.0,0.0,0.0,0.0,0.0,0.0,3.0,3.0,0.8571428571,0.7346938776,0.0,0.0,0.0,0.0,0.0,0.0,0.0,0.0,0.0,0.0,0.0,0.0,0.0,0.0,3.0,3.0,0.8571428571,0.7346938776,0.0,22.89,31.56,8.67,24.8175,1.9264285714,22.89,0.0,2.493,2.493,1.0684285714,1.2210612245,0.0,0.0,0.0,0.0,0.0,0.0,0.0,64.0,194.0,130.0,134.2857142857,60.2448979592,64.0
Mg3SbF3,9.0,51.0,42.0,16.2857142857,9.9183673469,9.0,68.0,93.0,25.0,81.1428571429,11.2653061224,68.0,18.9984032,121.76,102.7615968,35.9528870857,24.5163179755,18.9984032,53.5,923.0,869.5,547.6114285714,423.5240816327,53.5,2.0,17.0,15.0,10.2857142857,7.1020408163,2.0,2.0,5.0,3.0,2.8571428571,0.7346938776,2.0,57.0,141.0,84.0,104.7142857143,40.8979591837,57.0,1.31,3.98,2.67,2.56,1.2171428571,1.31,2.0,2.0,0.0,2.0,0.0,2.0,0.0,5.0,5.0,2.5714285714,2.2040816327,0.0,0.0,10.0,10.0,1.4285714286,2.4489795918,0.0,0.0,0.0,0.0,0.0,0.0,0.0,2.0,15.0,13.0,6.0,3.4285714286,2.0,0.0,0.0,0.0,0.0,0.0,0.0,0.0,3.0,3.0,0.8571428571,0.7346938776,0.0,0.0,0.0,0.0,0.0,0.0,0.0,0.0,0.0,0.0,0.0,0.0,0.0,0.0,3.0,3.0,0.8571428571,0.7346938776,0.0,9.7075,31.56,21.8525,18.4789285714,7.5183673469,9.7075,0.0,1.97,1.97,0.8442857143,0.9648979592,0.0,0.0,0.0,0.0,0.0,0.0,0.0,15.0,194.0,179.0,113.2857142857,84.2448979592,15.0
Mg3SbI3,12.0,53.0,41.0,35.1428571429,19.8367346939,12.0,68.0,96.0,28.0,82.4285714286,12.3673469388,68.0,24.305,126.90447,102.59947,82.1983442857,49.6228665306,24.305,386.85,923.0,536.15,690.4757142857,260.2506122449,386.85,2.0,17.0,15.0,10.2857142857,7.1020408163,2.0,3.0,5.0,2.0,4.1428571429,0.9795918367,3.0,139.0,141.0,2.0,139.8571428571,0.9795918367,139.0,1.31,2.66,1.35,1.9942857143,0.5865306122,1.31,2.0,2.0,0.0,2.0,0.0,2.0,0.0,5.0,5.0,2.5714285714,2.2040816327,0.0,0.0,10.0,10.0,5.7142857143,4.8979591837,0.0,0.0,0.0,0.0,0.0,0.0,0.0,2.0,17.0,15.0,10.2857142857,7.1020408163,2.0,0.0,0.0,0.0,0.0,0.0,0.0,0.0,3.0,3.0,0.8571428571,0.7346938776,0.0,0.0,0.0,0.0,0.0,0.0,0.0,0.0,0.0,0.0,0.0,0.0,0.0,0.0,3.0,3.0,0.8571428571,0.7346938776,0.0,22.89,43.015,20.125,32.7535714286,8.7955102041,22.89,0.0,1.062,1.062,0.4551428571,0.5201632653,0.0,0.0,0.0,0.0,0.0,0.0,0.0,64.0,194.0,130.0,134.2857142857,60.2448979592,64.0
Sr3AsCl3,17.0,38.0,21.0,28.2857142857,9.6734693878,17.0,8.0,94.0,86.0,55.7142857143,40.8979591837,8.0,35.453,87.62,52.167,63.4486571429,23.996277551,35.453,171.6,1090.0,918.4,679.2571428571,435.1346938776,171.6,2.0,17.0,15.0,10.2857142857,7.1020408163,2.0,3.0,5.0,2.0,4.0,0.8571428571,3.0,102.0,195.0,93.0,144.2857142857,43.4693877551,102.0,0.95,3.16,2.21,2.0728571429,0.9624489796,0.95,2.0,2.0,0.0,2.0,0.0,2.0,0.0,5.0,5.0,2.5714285714,2.2040816327,0.0,0.0,10.0,10.0,1.4285714286,2.4489795918,0.0,0.0,0.0,0.0,0.0,0.0,0.0,2.0,15.0,13.0,6.0,3.4285714286,2.0,0.0,0.0,0.0,0.0,0.0,0.0,0.0,3.0,3.0,0.8571428571,0.7346938776,0.0,0.0,0.0,0.0,0.0,0.0,0.0,0.0,0.0,0.0,0.0,0.0,0.0,0.0,3.0,3.0,0.8571428571,0.7346938776,0.0,22.175,54.23,32.055,36.9082142857,14.847244898,24.4975,0.0,2.493,2.493,1.0684285714,1.2210612245,0.0,0.0,0.0,0.0,0.0,0.0,0.0,64.0,225.0,161.0,147.5714285714,71.6326530612,64.0
Sr3AsI3,33.0,53.0,20.0,43.7142857143,7.9591836735,38.0,8.0,96.0,88.0,56.5714285714,41.6326530612,8.0,74.9216,126.90447,51.98287,102.6421442857,20.7962791837,87.62,386.85,1090.0,703.15,771.5071428571,329.706122449,386.85,2.0,17.0,15.0,10.2857142857,7.1020408163,2.0,4.0,5.0,1.0,4.8571428571,0.2448979592,5.0,119.0,195.0,76.0,160.1428571429,29.8775510204,139.0,0.95,2.66,1.71,1.8585714286,0.7787755102,0.95,2.0,2.0,0.0,2.0,0.0,2.0,0.0,5.0,5.0,2.5714285714,2.2040816327,0.0,0.0,10.0,10.0,5.7142857143,4.8979591837,0.0,0.0,0.0,0.0,0.0,0.0,0.0,2.0,17.0,15.0,10.2857142857,7.1020408163,2.0,0.0,0.0,0.0,0.0,0.0,0.0,0.0,3.0,3.0,0.8571428571,0.7346938776,0.0,0.0,0.0,0.0,0.0,0.0,0.0,0.0,0.0,0.0,0.0,0.0,0.0,0.0,3.0,3.0,0.8571428571,0.7346938776,0.0,22.175,54.23,32.055,44.8442857143,8.0448979592,43.015,0.0,1.062,1.062,0.4551428571,0.5201632653,0.0,0.0,0.0,0.0,0.0,0.0,0.0,64.0,225.0,161.0,147.5714285714,71.6326530612,64.0
Sr3PBr3,15.0,38.0,23.0,33.4285714286,5.2653061224,35.0,8.0,95.0,87.0,56.0,41.1428571429,8.0,30.973762,87.62,56.646238,76.2208231429,12.9277317551,79.904,265.8,1050.0,784.2,609.2428571429,377.7918367347,265.8,2.0,17.0,15.0,10.2857142857,7.1020408163,2.0,3.0,5.0,2.0,4.2857142857,0.612244898,4.0,107.0,195.0,88.0,150.2857142857,38.3265306122,120.0,0.95,2.96,2.01,1.9885714286,0.8902040816,0.95,2.0,2.0,0.0,2.0,0.0,2.0,0.0,5.0,5.0,2.5714285714,2.2040816327,0.0,0.0,10.0,10.0,4.2857142857,4.8979591837,0.0,0.0,0.0,0.0,0.0,0.0,0.0,2.0,17.0,15.0,8.8571428571,6.9795918367,2.0,0.0,0.0,0.0,0.0,0.0,0.0,0.0,3.0,3.0,0.8571428571,0.7346938776,0.0,0.0,0.0,0.0,0.0,0.0,0.0,0.0,0.0,0.0,0.0,0.0,0.0,0.0,3.0,3.0,0.8571428571,0.7346938776,0.0,22.5702380952,54.23,31.6597619048,39.1000340136,12.9685422741,29.48,0.0,1.625,1.625,0.8565714286,0.7342040816,0.0,0.0,0.0,0.0,0.0,0.0,0.0,2.0,225.0,223.0,124.1428571429,86.4489795918,64.0
Sr3PCl3,15.0,38.0,23.0,25.7142857143,10.5306122449,17.0,8.0,94.0,86.0,55.5714285714,40.7755102041,8.0,30.973762,87.62,56.646238,57.1703945714,26.0996617959,35.453,171.6,1050.0,878.4,568.8714285714,412.3959183673,171.6,2.0,17.0,15.0,10.2857142857,7.1020408163,2.0,3.0,5.0,2.0,3.8571428571,0.9795918367,3.0,102.0,195.0,93.0,142.5714285714,44.9387755102,102.0,0.95,3.16,2.21,2.0742857143,0.9636734694,0.95,2.0,2.0,0.0,2.0,0.0,2.0,0.0,5.0,5.0,2.5714285714,2.2040816327,0.0,0.0,0.0,0.0,0.0,0.0,0.0,0.0,0.0,0.0,0.0,0.0,0.0,2.0,7.0,5.0,4.5714285714,2.2040816327,2.0,0.0,0.0,0.0,0.0,0.0,0.0,0.0,3.0,3.0,0.8571428571,0.7346938776,0.0,0.0,0.0,0.0,0.0,0.0,0.0,0.0,0.0,0.0,0.0,0.0,0.0,0.0,3.0,3.0,0.8571428571,0.7346938776,0.0,22.5702380952,54.23,31.6597619048,36.9646768707,14.7988483965,24.4975,0.0,2.493,2.493,1.3005714286,1.1147755102,0.0,0.0,0.0,0.0,0.0,0.0,0.0,2.0,225.0,223.0,124.1428571429,86.4489795918,64.0
Sr3PI3,15.0,53.0,38.0,41.1428571429,10.1632653061,38.0,8.0,96.0,88.0,56.4285714286,41.5102040816,8.0,30.973762,126.90447,95.930708,96.3638817143,26.177647102,87.62,317.3,1050.0,732.7,661.1214285714,333.3244897959,386.85,2.0,17.0,15.0,10.2857142857,7.1020408163,2.0,3.0,5.0,2.0,4.7142857143,0.4897959184,5.0,107.0,195.0,88.0,158.4285714286,31.3469387755,139.0,0.95,2.66,1.71,1.86,0.78,0.95,2.0,2.0,0.0,2.0,0.0,2.0,0.0,5.0,5.0,2.5714285714,2.2040816327,0.0,0.0,10.0,10.0,4.2857142857,4.8979591837,0.0,0.0,0.0,0.0,0.0,0.0,0.0,2.0,17.0,15.0,8.8571428571,6.9795918367,2.0,0.0,0.0,0.0,0.0,0.0,0.0,0.0,3.0,3.0,0.8571428571,0.7346938776,0.0,0.0,0.0,0.0,0.0,0.0,0.0,0.0,0.0,0.0,0.0,0.0,0.0,0.0,3.0,3.0,0.8571428571,0.7346938776,0.0,22.5702380952,54.23,31.6597619048,44.9007482993,7.9965014577,43.015,0.0,1.625,1.625,0.6872857143,0.5891020408,0.0,0.0,0.0,0.0,0.0,0.0,0.0,2.0,225.0,223.0,124.1428571429,86.4489795918,64.0
Sr3SbCl3,17.0,51.0,34.0,30.8571428571,11.8775510204,17.0,8.0,94.0,86.0,55.8571428571,41.0204081633,8.0,35.453,121.76,86.307,70.1398571429,29.7315918367,35.453,171.6,1050.0,878.4,652.6542857143,412.332244898,171.6,2.0,17.0,15.0,10.2857142857,7.1020408163,2.0,3.0,5.0,2.0,4.1428571429,0.9795918367,3.0,102.0,195.0,93.0,147.1428571429,41.0204081633,102.0,0.95,3.16,2.21,2.0542857143,0.947755102,0.95,2.0,2.0,0.0,2.0,0.0,2.0,0.0,5.0,5.0,2.5714285714,2.2040816327,0.0,0.0,10.0,10.0,1.4285714286,2.4489795918,0.0,0.0,0.0,0.0,0.0,0.0,0.0,2.0,15.0,13.0,6.0,3.4285714286,2.0,0.0,0.0,0.0,0.0,0.0,0.0,0.0,3.0,3.0,0.8571428571,0.7346938776,0.0,0.0,0.0,0.0,0.0,0.0,0.0,0.0,0.0,0.0,0.0,0.0,0.0,0.0,3.0,3.0,0.8571428571,0.7346938776,0.0,24.4975,54.23,29.7325,38.2489285714,13.6980612245,24.4975,0.0,2.493,2.493,1.0684285714,1.2210612245,0.0,0.0,0.0,0.0,0.0,0.0,0.0,64.0,225.0,161.0,147.5714285714,71.6326530612,64.0
Sr3SbI3,38.0,53.0,15.0,46.2857142857,7.1020408163,38.0,8.0,96.0,88.0,56.7142857143,41.7551020408,8.0,87.62,126.90447,39.28447,109.3333442857,18.6114379592,87.62,386.85,1050.0,663.15,744.9042857143,306.9036734694,386.85,2.0,17.0,15.0,10.2857142857,7.1020408163,2.0,5.0,5.0,0.0,5.0,0.0,5.0,139.0,195.0,56.0,163.0,27.4285714286,139.0,0.95,2.66,1.71,1.84,0.7628571429,0.95,2.0,2.0,0.0,2.0,0.0,2.0,0.0,5.0,5.0,2.5714285714,2.2040816327,0.0,0.0,10.0,10.0,5.7142857143,4.8979591837,0.0,0.0,0.0,0.0,0.0,0.0,0.0,2.0,17.0,15.0,10.2857142857,7.1020408163,2.0,0.0,0.0,0.0,0.0,0.0,0.0,0.0,3.0,3.0,0.8571428571,0.7346938776,0.0,0.0,0.0,0.0,0.0,0.0,0.0,0.0,0.0,0.0,0.0,0.0,0.0,0.0,3.0,3.0,0.8571428571,0.7346938776,0.0,31.56,54.23,22.67,46.185,6.8957142857,43.015,0.0,1.062,1.062,0.4551428571,0.5201632653,0.0,0.0,0.0,0.0,0.0,0.0,0.0,64.0,225.0,161.0,147.5714285714,71.6326530612,64.0
Sr3BiI3,38.0,83.0,45.0,50.8571428571,11.0204081633,38.0,8.0,96.0,88.0,56.8571428571,41.8775510204,8.0,87.62,208.9804,121.3604,121.7934014286,29.2914869388,87.62,386.85,1050.0,663.15,693.5642857143,305.5163265306,386.85,2.0,17.0,15.0,10.2857142857,7.1020408163,2.0,5.0,6.0,1.0,5.1428571429,0.2448979592,5.0,139.0,195.0,56.0,164.2857142857,26.3265306122,139.0,0.95,2.66,1.71,1.8357142857,0.7591836735,0.95,2.0,2.0,0.0,2.0,0.0,2.0,0.0,5.0,5.0,2.5714285714,2.2040816327,0.0,0.0,10.0,10.0,5.7142857143,4.8979591837,0.0,0.0,14.0,14.0,2.0,3.4285714286,0.0,2.0,29.0,27.0,12.2857142857,8.8163265306,2.0,0.0,0.0,0.0,0.0,0.0,0.0,0.0,3.0,3.0,0.8571428571,0.7346938776,0.0,0.0,0.0,0.0,0.0,0.0,0.0,0.0,0.0,0.0,0.0,0.0,0.0,0.0,3.0,3.0,0.8571428571,0.7346938776,0.0,32.95,54.23,21.28,46.3835714286,6.7255102041,43.015,0.0,1.062,1.062,0.4551428571,0.5201632653,0.0,0.0,0.0,0.0,0.0,0.0,0.0,12.0,225.0,213.0,125.5714285714,85.2244897959,64.0
Sr3BiBr3,35.0,83.0,48.0,43.1428571429,11.387755102,35.0,8.0,95.0,87.0,56.4285714286,41.5102040816,8.0,79.904,208.9804,129.0764,101.6503428571,30.6657306122,79.904,265.8,1050.0,784.2,641.6857142857,349.9836734694,265.8,2.0,17.0,15.0,10.2857142857,7.1020408163,2.0,4.0,6.0,2.0,4.7142857143,0.612244898,4.0,120.0,195.0,75.0,156.1428571429,33.306122449,120.0,0.95,2.96,2.01,1.9642857143,0.8693877551,0.95,2.0,2.0,0.0,2.0,0.0,2.0,0.0,5.0,5.0,2.5714285714,2.2040816327,0.0,0.0,10.0,10.0,5.7142857143,4.8979591837,0.0,0.0,14.0,14.0,2.0,3.4285714286,0.0,2.0,29.0,27.0,12.2857142857,8.8163265306,2.0,0.0,0.0,0.0,0.0,0.0,0.0,0.0,3.0,3.0,0.8571428571,0.7346938776,0.0,0.0,0.0,0.0,0.0,0.0,0.0,0.0,0.0,0.0,0.0,0.0,0.0,0.0,3.0,3.0,0.8571428571,0.7346938776,0.0,29.48,54.23,24.75,40.5828571429,11.6975510204,29.48,0.0,1.457,1.457,0.6244285714,0.7136326531,0.0,0.0,0.0,0.0,0.0,0.0,0.0,12.0,225.0,213.0,125.5714285714,85.2244897959,64.0
Sr3BiCl3,17.0,83.0,66.0,35.4285714286,15.7959183673,17.0,8.0,94.0,86.0,56.0,41.1428571429,8.0,35.453,208.9804,173.5274,82.5999142857,40.4116408163,35.453,171.6,1050.0,878.4,601.3142857143,384.587755102,171.6,2.0,17.0,15.0,10.2857142857,7.1020408163,2.0,3.0,6.0,3.0,4.2857142857,1.1020408163,3.0,102.0,195.0,93.0,148.4285714286,39.9183673469,102.0,0.95,3.16,2.21,2.05,0.9514285714,0.95,2.0,2.0,0.0,2.0,0.0,2.0,0.0,5.0,5.0,2.5714285714,2.2040816327,0.0,0.0,10.0,10.0,1.4285714286,2.4489795918,0.0,0.0,14.0,14.0,2.0,3.4285714286,0.0,2.0,29.0,27.0,8.0,6.0,2.0,0.0,0.0,0.0,0.0,0.0,0.0,0.0,3.0,3.0,0.8571428571,0.7346938776,0.0,0.0,0.0,0.0,0.0,0.0,0.0,0.0,0.0,0.0,0.0,0.0,0.0,0.0,3.0,3.0,0.8571428571,0.7346938776,0.0,24.4975,54.23,29.7325,38.4475,13.5278571429,24.4975,0.0,2.493,2.493,1.0684285714,1.2210612245,0.0,0.0,0.0,0.0,0.0,0.0,0.0,12.0,225.0,213.0,125.5714285714,85.2244897959,64.0
