dataset,formula,Eg_eV,n_values,spread_eV,high_conflict,values,sources,flags
primary,Ba3AsCl3,0.969,3,0.034,False,0.942;0.969;0.976,10.1088/1402-4896/adee54;arXiv:2604.01942;10.56919/usci.2544.008,preprint_in_median;soc_unknown
primary,Ba3AsI3,0.802,2,0.064,False,0.77;0.834,arXiv:2604.01942;10.1016/j.heliyon.2023.e21675,preprint_in_median;soc_unknown
primary,Ca3AsBr3,1.634,3,0.08,False,1.58;1.634;1.66,10.1134/s1063782625603371;10.1021/acsomega.3c08131;10.1038/s41598-026-48441-2,soc_unknown
primary,Mg3BiBr3,0.9648,2,0.2123,True,0.8587;1.071,10.1021/acsomega.5c11440;10.1039/d4ra09093d,high_conflict;soc_unknown
primary,Ca3PBr3,1.8846,2,0.1312,False,1.819;1.9502,10.5488/cmp.29.23701;10.1016/j.heliyon.2024.e29144,soc_unknown
primary,Ca3PCl3,2.035,3,0.2278,True,1.978;2.035;2.2058,10.5488/cmp.29.23701;10.26565/2312-4334-2025-4-50;10.1016/j.heliyon.2024.e29144,high_conflict;soc_unknown
primary,Ca3PI3,1.4909,3,0.113,False,1.469;1.4909;1.582,10.5488/cmp.29.23701;10.1016/j.heliyon.2024.e29144;10.1002/nano.202300066,soc_unknown
primary,Sr3PCl3,1.677,3,0.05,False,1.65;1.677;1.7,10.1039/d5ra00607d;10.1021/acsomega.6c02217;10.1007/s11082-024-07388-2,functional_unconfirmed;soc_unknown
primary,Ba3SbBr3,1.0819,2,0.2178,True,0.973;1.1908,arXiv:2604.01942;10.1016/j.mtcomm.2026.115331,high_conflict;preprint_in_median
primary,Ba3SbI3,0.78,3,0.094,False,0.78;0.78;0.874,10.1007/s10853-024-10487-w;10.3390/nano15211656;arXiv:2604.01942,preprint_in_median;soc_unknown
primary,Mg3SbBr3,0.9418,2,0.0319,False,0.9259;0.9578,10.1021/acsomega.5c11440;10.1016/j.heliyon.2024.e39218,soc_unknown
primary,Sr3SbCl3,1.712,2,0.016,False,1.704;1.72,10.1021/acsomega.6c02217;10.1016/j.heliyon.2024.e35855,soc_unknown
verified_only,Ba3AsCl3,0.959,2,0.034,False,0.942;0.976,10.1088/1402-4896/adee54;10.56919/usci.2544.008,soc_unknown
verified_only,Ca3AsBr3,1.634,3,0.08,False,1.58;1.634;1.66,10.1134/s1063782625603371;10.1021/acsomega.3c08131;10.1038/s41598-026-48441-2,soc_unknown
verified_only,Mg3BiBr3,0.9648,2,0.2123,True,0.8587;1.071,10.1021/acsomega.5c11440;10.1039/d4ra09093d,high_conflict;soc_unknown
verified_only,Ca3PBr3,1.8846,2,0.1312,False,1.819;1.9502,10.5488/cmp.29.23701;10.1016/j.heliyon.2024.e29144,soc_unknown
verified_only,Ca3PCl3,2.035,3,0.2278,True,1.978;2.035;2.2058,10.5488/cmp.29.23701;10.26565/2312-4334-2025-4-50;10.1016/j.heliyon.2024.e29144,high_conflict;soc_unknown
verified_only,Ca3PI3,1.4909,3,0.113,False,1.469;1.4909;1.582,10.5488/cmp.29.23701;10.1016/j.heliyon.2024.e29144;10.1002/nano.202300066,soc_unknown
verified_only,Sr3PCl3,1.677,3,0.05,False,1.65;1.677;1.7,10.1039/d5ra00607d;10.1021/acsomega.6c02217;10.1007/s11082-024-07388-2,functional_unconfirmed;soc_unknown
verified_only,Ba3SbI3,0.78,2,0.0,False,0.78;0.78,10.1007/s10853-024-10487-w;10.3390/nano15211656,soc_unknown
verified_only,Mg3SbBr3,0.9418,2,0.0319,False,0.9259;0.9578,10.1021/acsomega.5c11440;10.1016/j.heliyon.2024.e39218,soc_unknown
verified_only,Sr3SbCl3,1.712,2,0.016,False,1.704;1.72,10.1021/acsomega.6c02217;10.1016/j.heliyon.2024.e35855,soc_unknown
plus_unverified,Ba3AsCl3,0.969,3,0.034,False,0.942;0.969;0.976,10.1088/1402-4896/adee54;arXiv:2604.01942;10.56919/usci.2544.008,preprint_in_median;soc_unknown
plus_unverified,Ba3AsI3,0.802,2,0.064,False,0.77;0.834,arXiv:2604.01942;10.1016/j.heliyon.2023.e21675,preprint_in_median;soc_unknown
plus_unverified,Ca3AsBr3,1.634,3,0.08,False,1.58;1.634;1.66,10.1134/s1063782625603371;10.1021/acsomega.3c08131;10.1038/s41598-026-48441-2,soc_unknown
plus_unverified,Ca3BiI3,1.325,2,0.07,False,1.29;1.36,"NJC 2026,50,522 Islam;10.1088/1361-6641/ada17e",soc_unknown;source_unverified
plus_unverified,Mg3BiBr3,0.9648,2,0.2123,True,0.8587;1.071,10.1021/acsomega.5c11440;10.1039/d4ra09093d,high_conflict;soc_unknown
plus_unverified,Ca3PBr3,1.8846,2,0.1312,False,1.819;1.9502,10.5488/cmp.29.23701;10.1016/j.heliyon.2024.e29144,soc_unknown
plus_unverified,Ca3PCl3,2.035,3,0.2278,True,1.978;2.035;2.2058,10.5488/cmp.29.23701;10.26565/2312-4334-2025-4-50;10.1016/j.heliyon.2024.e29144,high_conflict;soc_unknown
plus_unverified,Ca3PI3,1.4909,3,0.113,False,1.469;1.4909;1.582,10.5488/cmp.29.23701;10.1016/j.heliyon.2024.e29144;10.1002/nano.202300066,soc_unknown
plus_unverified,Sr3PCl3,1.677,3,0.05,False,1.65;1.677;1.7,10.1039/d5ra00607d;10.1021/acsomega.6c02217;10.1007/s11082-024-07388-2,functional_unconfirmed;soc_unknown
plus_unverified,Ba3SbBr3,1.0819,2,0.2178,True,0.973;1.1908,arXiv:2604.01942;10.1016/j.mtcomm.2026.115331,high_conflict;preprint_in_median
plus_unverified,Ba3SbI3,0.78,3,0.094,False,0.78;0.78;0.874,10.1007/s10853-024-10487-w;10.3390/nano15211656;arXiv:2604.01942,preprint_in_median;soc_unknown
plus_unverified,Mg3SbBr3,0.9418,2,0.0319,False,0.9259;0.9578,10.1021/acsomega.5c11440;10.1016/j.heliyon.2024.e39218,soc_unknown
plus_unverified,Sr3SbCl3,1.712,2,0.016,False,1.704;1.72,10.1021/acsomega.6c02217;10.1016/j.heliyon.2024.e35855,soc_unknown
soc,Ba3AsCl3,0.927,2,0.014,False,0.92;0.934,arXiv:2604.01942;10.56919/usci.2544.008,preprint_in_median
soc,Ba3AsI3,0.7315,2,0.077,False,0.693;0.77,arXiv:2604.01942;10.1016/j.heliyon.2023.e21675,preprint_in_median
soc,Ba3PCl3,0.9395,2,0.021,False,0.929;0.95,arXiv:2604.01942;10.31526/jais.2026.01,preprint_in_median
soc,Ca3PI3,1.2836,2,0.0908,False,1.2382;1.329,10.1016/j.heliyon.2024.e29144;10.1002/nano.202300066,
soc,Ba3SbBr3,0.94,2,0.22,True,0.83;1.05,arXiv:2604.01942;10.1016/j.mtcomm.2026.115331,high_conflict;preprint_in_median
