formula,field,old,new,action,source_file,source_row,doi,evidence
Mg3BiI3,functional,PBE,HSE06,relabel,a3bx3_literature_v1.csv,5,10.1039/d4ra09093d,"RSC Adv 15 (2025) 5766 Table 4: Mg3BiI3 GGA 0.224, HSE06 0.867; v1 stored 0.867 as PBE. Elastic constants 65.09/21.42/15.81 match that paper's Table 2."
Mg3BiI3,doi,10.1039/D4RA08680C,10.1039/d4ra09093d,fix_doi,a3bx3_literature_v1.csv,5,10.1039/d4ra09093d,CrossRef returns 404 for 10.1039/D4RA08680C; the values come from 10.1039/d4ra09093d (checked 2026-09-27).
Mg3BiBr3,functional,PBE,HSE06,relabel,a3bx3_literature_v1.csv,6,10.1039/d4ra09093d,"RSC Adv 15 (2025) 5766 Table 4: Mg3BiBr3 GGA 1.071, HSE06 1.626; v1 stored 1.626 as PBE. Elastic constants 76.36/18.58/22.49 match Table 2."
Mg3BiBr3,doi,10.1039/D4RA08680C,10.1039/d4ra09093d,fix_doi,a3bx3_literature_v1.csv,6,10.1039/d4ra09093d,CrossRef returns 404 for 10.1039/D4RA08680C; the values come from 10.1039/d4ra09093d (checked 2026-09-27).
Sr3BiI3,doi,"NJC 2026,50,522 Islam",10.1039/d5nj02800k,fix_doi,a3bx3_literature_v1.csv,25,10.1039/d5nj02800k,"CrossRef: Islam et al., New J. Chem. 50 (2026) 522-536, 'First-principles analysis of eco-friendly Sr3BiX3 (X = I, Br, and Cl)'."
Sr3BiBr3,doi,"NJC 2026,50,522 Islam",10.1039/d5nj02800k,fix_doi,a3bx3_literature_v1.csv,26,10.1039/d5nj02800k,"CrossRef: Islam et al., New J. Chem. 50 (2026) 522-536 covers Sr3BiX3."
Sr3BiCl3,doi,"NJC 2026,50,522 Islam",10.1039/d5nj02800k,fix_doi,a3bx3_literature_v1.csv,27,10.1039/d5nj02800k,"CrossRef: Islam et al., New J. Chem. 50 (2026) 522-536 covers Sr3BiX3."
Ca3BiI3,status,,source_unverified,sensitivity_only,a3bx3_literature_v1.csv,2,,"Cited NJC 2026,50,522 (10.1039/d5nj02800k) covers Sr3BiX3 only. Probable source 10.1016/j.mseb.2025.118871 (Ca3BiX3) is paywalled; value not verified."
Ca3BiBr3,status,,source_unverified,sensitivity_only,a3bx3_literature_v1.csv,3,,"Cited NJC 2026,50,522 (10.1039/d5nj02800k) covers Sr3BiX3 only. Probable source 10.1016/j.mseb.2025.118871 is paywalled; value not verified."
Ca3BiCl3,status,,source_unverified,sensitivity_only,a3bx3_literature_v1.csv,4,,"Cited NJC 2026,50,522 (10.1039/d5nj02800k) covers Sr3BiX3 only. Probable source 10.1016/j.mseb.2025.118871 is paywalled; value not verified."
Ca3AsI3,status,,source_mismatch,exclude,a3bx3_literature_v1.csv,16,10.1134/S1063782625603371,Cited 10.1134/S1063782625603371 is a Ca3AsBr3 paper (CrossRef title; abstract gives Ca3AsBr3 1.58 eV GGA). The value belongs to a different formula.
Ca3SbF3,status,,source_unverified,exclude,a3bx3_literature_v1.csv,11,,Cited 10.1007/s11082-024-07968-2 covers Ca3SbCl3 only (CrossRef title). No verified source for this value.
Ca3SbBr3,status,,source_unverified,exclude,a3bx3_literature_v1.csv,13,,Cited 10.1007/s11082-024-07968-2 covers Ca3SbCl3 only (CrossRef title). No verified source for this value.
Ca3SbI3,status,,source_unverified,exclude,a3bx3_literature_v1.csv,14,,Cited 10.1007/s11082-024-07968-2 covers Ca3SbCl3 only (CrossRef title). No verified source for this value.
Ca3SbCl3,Eg_eV,1.83,1.814,correct_value,a3bx3_literature_v1.csv,12,10.1007/s11082-024-07968-2,"Abstract of 10.1007/s11082-024-07968-2: 'direct band gap of 1.814 eV using GGA, while the HSE06 method indicates 2.67 eV'. v1 stored 1.83. The abstract says GGA without naming the flavour."
Ca3SbCl3,status,,functional_unconfirmed,flag,a3bx3_literature_v1.csv,12,10.1007/s11082-024-07968-2,"Accessible text says 'GGA' only; v1 recorded it as PBE. Kept in primary, flagged."
Sr3PCl3,status,,functional_unconfirmed,flag,a3bx3_literature_v1.csv,17,10.1007/s11082-024-07388-2,"Abstract of 10.1007/s11082-024-07388-2 says 'GGA' only; full text not reachable. v1 recorded it as PBE. Kept in primary, flagged."
Sr3PBr3,status,,functional_unconfirmed,flag,a3bx3_literature_v1.csv,18,10.1007/s11082-024-07388-2,"Abstract of 10.1007/s11082-024-07388-2 says 'GGA' only; full text not reachable. v1 recorded it as PBE. Kept in primary, flagged."
Ca3AsCl3,status,,source_unverified,sensitivity_only,a3bx3_literature_v1.csv,15,,DOI field is truncated (10.1016/j.mtcomm.2024); CrossRef search of Mater. Today Commun. found no Ca3AsCl3 paper. Candidates 10.1016/j.ssc.2024.115623 and 10.1016/j.jpcs.2026.113610 are paywalled.
