formula,literature_Eg_eV,oqmd_Eg_eV,diff_eV,oqmd_id,oqmd_stability_eV,holdout
Ca3PI3,1.4909,1.42,-0.0709,6033963,0.123,False
Ca3PBr3,1.9502,1.735,-0.2152,6033962,0.016,False
Ca3PCl3,2.2058,1.938,-0.2678,4076547,0.0,False
Ca3SbBr3,1.67,1.721,0.051,5764075,0.005,False
Ca3AsCl3,1.742,1.929,0.187,4076694,0.0,False
Ca3AsI3,1.58,1.419,-0.161,6033961,0.069,False
Sr3PCl3,1.7,1.774,0.074,5763971,0.0,False
Ba3AsCl3,0.942,1.083,0.141,5736051,0.033,False
Sr3AsCl3,1.7,1.774,0.074,5735895,0.0,False
Mg3PCl3,2.297,2.357,0.06,6061618,0.067,False
Sr3BiBr3,1.512,1.762,0.25,5764413,0.019,True
