formula,A,B,X,Eg_eV,functional,soc,code,doi,arxiv_id,source_id,preprint,status,use,source_file,source_row,reason
Mg3BiI3,Mg,Bi,I,0.867,HSE06,unknown,,10.1039/d4ra09093d,,10.1039/d4ra09093d,False,ok,primary,a3bx3_literature_v1.csv,5,functional HSE06 is not a training label (PBE or PBE+SOC only)
Mg3BiBr3,Mg,Bi,Br,1.626,HSE06,unknown,,10.1039/d4ra09093d,,10.1039/d4ra09093d,False,ok,primary,a3bx3_literature_v1.csv,6,functional HSE06 is not a training label (PBE or PBE+SOC only)
Ca3SbF3,Ca,Sb,F,2.24,PBE,unknown,,10.1007/s11082-024-07968-2,,10.1007/s11082-024-07968-2,False,source_unverified,exclude,a3bx3_literature_v1.csv,11,correction: source_unverified
Ca3SbBr3,Ca,Sb,Br,1.67,PBE,unknown,,10.1007/s11082-024-07968-2,,10.1007/s11082-024-07968-2,False,source_unverified,exclude,a3bx3_literature_v1.csv,13,correction: source_unverified
Ca3SbI3,Ca,Sb,I,1.35,PBE,unknown,,10.1007/s11082-024-07968-2,,10.1007/s11082-024-07968-2,False,source_unverified,exclude,a3bx3_literature_v1.csv,14,correction: source_unverified
Ca3AsI3,Ca,As,I,1.58,PBE,unknown,,10.1134/S1063782625603371,,10.1134/s1063782625603371,False,source_mismatch,exclude,a3bx3_literature_v1.csv,16,correction: source_mismatch
Ba3PCl3,Ba,P,Cl,1.68,HSE06,no,VASP,,2604.01942,arXiv:2604.01942,True,ok,primary,literature_harvest_2026-09-27.csv,4,functional HSE06 is not a training label (PBE or PBE+SOC only)
Ba3PCl3,Ba,P,Cl,1.639,HSE06+SOC,yes,VASP,,2604.01942,arXiv:2604.01942,True,ok,primary,literature_harvest_2026-09-27.csv,5,functional HSE06+SOC is not a training label (PBE or PBE+SOC only)
Ba3PCl3,Ba,P,Cl,2.17,G0W0@PBE+SOC,yes,VASP,,2604.01942,arXiv:2604.01942,True,ok,primary,literature_harvest_2026-09-27.csv,6,functional G0W0@PBE+SOC is not a training label (PBE or PBE+SOC only)
Ba3PBr3,Ba,P,Br,1.631,HSE06,no,VASP,,2604.01942,arXiv:2604.01942,True,ok,primary,literature_harvest_2026-09-27.csv,9,functional HSE06 is not a training label (PBE or PBE+SOC only)
Ba3PBr3,Ba,P,Br,1.601,HSE06+SOC,yes,VASP,,2604.01942,arXiv:2604.01942,True,ok,primary,literature_harvest_2026-09-27.csv,10,functional HSE06+SOC is not a training label (PBE or PBE+SOC only)
Ba3PBr3,Ba,P,Br,2.05,G0W0@PBE+SOC,yes,VASP,,2604.01942,arXiv:2604.01942,True,ok,primary,literature_harvest_2026-09-27.csv,11,functional G0W0@PBE+SOC is not a training label (PBE or PBE+SOC only)
Ba3PI3,Ba,P,I,1.398,HSE06,no,VASP,,2604.01942,arXiv:2604.01942,True,ok,primary,literature_harvest_2026-09-27.csv,14,functional HSE06 is not a training label (PBE or PBE+SOC only)
Ba3PI3,Ba,P,I,1.377,HSE06+SOC,yes,VASP,,2604.01942,arXiv:2604.01942,True,ok,primary,literature_harvest_2026-09-27.csv,15,functional HSE06+SOC is not a training label (PBE or PBE+SOC only)
Ba3PI3,Ba,P,I,1.72,G0W0@PBE+SOC,yes,VASP,,2604.01942,arXiv:2604.01942,True,ok,primary,literature_harvest_2026-09-27.csv,16,functional G0W0@PBE+SOC is not a training label (PBE or PBE+SOC only)
Ba3AsCl3,Ba,As,Cl,1.668,HSE06,no,VASP,,2604.01942,arXiv:2604.01942,True,ok,primary,literature_harvest_2026-09-27.csv,19,functional HSE06 is not a training label (PBE or PBE+SOC only)
Ba3AsCl3,Ba,As,Cl,1.596,HSE06+SOC,yes,VASP,,2604.01942,arXiv:2604.01942,True,ok,primary,literature_harvest_2026-09-27.csv,20,functional HSE06+SOC is not a training label (PBE or PBE+SOC only)
Ba3AsCl3,Ba,As,Cl,2.04,G0W0@PBE+SOC,yes,VASP,,2604.01942,arXiv:2604.01942,True,ok,primary,literature_harvest_2026-09-27.csv,21,functional G0W0@PBE+SOC is not a training label (PBE or PBE+SOC only)
Ba3AsBr3,Ba,As,Br,1.596,HSE06,no,VASP,,2604.01942,arXiv:2604.01942,True,ok,primary,literature_harvest_2026-09-27.csv,24,functional HSE06 is not a training label (PBE or PBE+SOC only)
Ba3AsBr3,Ba,As,Br,1.521,HSE06+SOC,yes,VASP,,2604.01942,arXiv:2604.01942,True,ok,primary,literature_harvest_2026-09-27.csv,25,functional HSE06+SOC is not a training label (PBE or PBE+SOC only)
Ba3AsBr3,Ba,As,Br,1.91,G0W0@PBE+SOC,yes,VASP,,2604.01942,arXiv:2604.01942,True,ok,primary,literature_harvest_2026-09-27.csv,26,functional G0W0@PBE+SOC is not a training label (PBE or PBE+SOC only)
Ba3AsI3,Ba,As,I,1.387,HSE06,no,VASP,,2604.01942,arXiv:2604.01942,True,ok,primary,literature_harvest_2026-09-27.csv,29,functional HSE06 is not a training label (PBE or PBE+SOC only)
Ba3AsI3,Ba,As,I,1.292,HSE06+SOC,yes,VASP,,2604.01942,arXiv:2604.01942,True,ok,primary,literature_harvest_2026-09-27.csv,30,functional HSE06+SOC is not a training label (PBE or PBE+SOC only)
Ba3AsI3,Ba,As,I,1.57,G0W0@PBE+SOC,yes,VASP,,2604.01942,arXiv:2604.01942,True,ok,primary,literature_harvest_2026-09-27.csv,31,functional G0W0@PBE+SOC is not a training label (PBE or PBE+SOC only)
Ba3SbCl3,Ba,Sb,Cl,1.704,HSE06,no,VASP,,2604.01942,arXiv:2604.01942,True,ok,primary,literature_harvest_2026-09-27.csv,34,functional HSE06 is not a training label (PBE or PBE+SOC only)
Ba3SbCl3,Ba,Sb,Cl,1.552,HSE06+SOC,yes,VASP,,2604.01942,arXiv:2604.01942,True,ok,primary,literature_harvest_2026-09-27.csv,35,functional HSE06+SOC is not a training label (PBE or PBE+SOC only)
Ba3SbCl3,Ba,Sb,Cl,1.98,G0W0@PBE+SOC,yes,VASP,,2604.01942,arXiv:2604.01942,True,ok,primary,literature_harvest_2026-09-27.csv,36,functional G0W0@PBE+SOC is not a training label (PBE or PBE+SOC only)
Ba3SbBr3,Ba,Sb,Br,1.652,HSE06,no,VASP,,2604.01942,arXiv:2604.01942,True,ok,primary,literature_harvest_2026-09-27.csv,39,functional HSE06 is not a training label (PBE or PBE+SOC only)
Ba3SbBr3,Ba,Sb,Br,1.484,HSE06+SOC,yes,VASP,,2604.01942,arXiv:2604.01942,True,ok,primary,literature_harvest_2026-09-27.csv,40,functional HSE06+SOC is not a training label (PBE or PBE+SOC only)
Ba3SbBr3,Ba,Sb,Br,1.86,G0W0@PBE+SOC,yes,VASP,,2604.01942,arXiv:2604.01942,True,ok,primary,literature_harvest_2026-09-27.csv,41,functional G0W0@PBE+SOC is not a training label (PBE or PBE+SOC only)
Ba3SbI3,Ba,Sb,I,1.502,HSE06,no,VASP,,2604.01942,arXiv:2604.01942,True,ok,primary,literature_harvest_2026-09-27.csv,44,functional HSE06 is not a training label (PBE or PBE+SOC only)
Ba3SbI3,Ba,Sb,I,1.295,HSE06+SOC,yes,VASP,,2604.01942,arXiv:2604.01942,True,ok,primary,literature_harvest_2026-09-27.csv,45,functional HSE06+SOC is not a training label (PBE or PBE+SOC only)
Ba3SbI3,Ba,Sb,I,1.6,G0W0@PBE+SOC,yes,VASP,,2604.01942,arXiv:2604.01942,True,ok,primary,literature_harvest_2026-09-27.csv,46,functional G0W0@PBE+SOC is not a training label (PBE or PBE+SOC only)
Ba3BiCl3,Ba,Bi,Cl,1.601,HSE06,no,VASP,,2604.01942,arXiv:2604.01942,True,ok,primary,literature_harvest_2026-09-27.csv,49,functional HSE06 is not a training label (PBE or PBE+SOC only)
Ba3BiCl3,Ba,Bi,Cl,1.132,HSE06+SOC,yes,VASP,,2604.01942,arXiv:2604.01942,True,ok,primary,literature_harvest_2026-09-27.csv,50,functional HSE06+SOC is not a training label (PBE or PBE+SOC only)
Ba3BiCl3,Ba,Bi,Cl,1.64,G0W0@PBE+SOC,yes,VASP,,2604.01942,arXiv:2604.01942,True,ok,primary,literature_harvest_2026-09-27.csv,51,functional G0W0@PBE+SOC is not a training label (PBE or PBE+SOC only)
Ba3BiBr3,Ba,Bi,Br,1.533,HSE06,no,VASP,,2604.01942,arXiv:2604.01942,True,ok,primary,literature_harvest_2026-09-27.csv,54,functional HSE06 is not a training label (PBE or PBE+SOC only)
Ba3BiBr3,Ba,Bi,Br,1.053,HSE06+SOC,yes,VASP,,2604.01942,arXiv:2604.01942,True,ok,primary,literature_harvest_2026-09-27.csv,55,functional HSE06+SOC is not a training label (PBE or PBE+SOC only)
Ba3BiBr3,Ba,Bi,Br,1.49,G0W0@PBE+SOC,yes,VASP,,2604.01942,arXiv:2604.01942,True,ok,primary,literature_harvest_2026-09-27.csv,56,functional G0W0@PBE+SOC is not a training label (PBE or PBE+SOC only)
Ba3BiI3,Ba,Bi,I,1.361,HSE06,no,VASP,,2604.01942,arXiv:2604.01942,True,ok,primary,literature_harvest_2026-09-27.csv,59,functional HSE06 is not a training label (PBE or PBE+SOC only)
Ba3BiI3,Ba,Bi,I,0.868,HSE06+SOC,yes,VASP,,2604.01942,arXiv:2604.01942,True,ok,primary,literature_harvest_2026-09-27.csv,60,functional HSE06+SOC is not a training label (PBE or PBE+SOC only)
Ba3BiI3,Ba,Bi,I,1.23,G0W0@PBE+SOC,yes,VASP,,2604.01942,arXiv:2604.01942,True,ok,primary,literature_harvest_2026-09-27.csv,61,functional G0W0@PBE+SOC is not a training label (PBE or PBE+SOC only)
Mg3BiBr3,Mg,Bi,Br,1.626,HSE06,no,QE,10.1039/d4ra09093d,,10.1039/d4ra09093d,False,ok,primary,literature_harvest_2026-09-27.csv,63,functional HSE06 is not a training label (PBE or PBE+SOC only)
Mg3BiI3,Mg,Bi,I,0.867,HSE06,no,QE,10.1039/d4ra09093d,,10.1039/d4ra09093d,False,ok,primary,literature_harvest_2026-09-27.csv,65,functional HSE06 is not a training label (PBE or PBE+SOC only)
Mg3PCl3,Mg,P,Cl,3.093,HSE06,no,CASTEP,10.1039/d5ra01185j,,10.1039/d5ra01185j,False,ok,primary,literature_harvest_2026-09-27.csv,67,functional HSE06 is not a training label (PBE or PBE+SOC only)
Mg3PBr3,Mg,P,Br,2.187,HSE06,no,CASTEP,10.1039/d5ra01185j,,10.1039/d5ra01185j,False,ok,primary,literature_harvest_2026-09-27.csv,69,functional HSE06 is not a training label (PBE or PBE+SOC only)
Ba3AsI3,Ba,As,I,1.35,HSE06,no,CASTEP,10.1016/j.heliyon.2023.e21675,,10.1016/j.heliyon.2023.e21675,False,ok,primary,literature_harvest_2026-09-27.csv,78,functional HSE06 is not a training label (PBE or PBE+SOC only)
Sr3AsI3,Sr,As,I,1.94,HSE06,no,QE,10.1016/j.heliyon.2023.e19271,,10.1016/j.heliyon.2023.e19271,False,ok,primary,literature_harvest_2026-09-27.csv,81,functional HSE06 is not a training label (PBE or PBE+SOC only)
Mg3AsBr3,Mg,As,Br,2.0645,HSE06,unknown,VASP,10.1021/acsomega.5c11440,2510.18579,10.1021/acsomega.5c11440,False,ok,primary,literature_harvest_2026-09-27.csv,93,functional HSE06 is not a training label (PBE or PBE+SOC only)
Mg3SbBr3,Mg,Sb,Br,1.6533,HSE06,unknown,VASP,10.1021/acsomega.5c11440,2510.18579,10.1021/acsomega.5c11440,False,ok,primary,literature_harvest_2026-09-27.csv,95,functional HSE06 is not a training label (PBE or PBE+SOC only)
Mg3BiBr3,Mg,Bi,Br,1.5226,HSE06,unknown,VASP,10.1021/acsomega.5c11440,2510.18579,10.1021/acsomega.5c11440,False,ok,primary,literature_harvest_2026-09-27.csv,97,functional HSE06 is not a training label (PBE or PBE+SOC only)
Ca3AsBr3,Ca,As,Br,2.45,HSE06,unknown,QE,10.1038/s41598-026-48441-2,,10.1038/s41598-026-48441-2,False,ok,primary,literature_harvest_2026-09-27.csv,100,functional HSE06 is not a training label (PBE or PBE+SOC only)
Ba3SbI3,Ba,Sb,I,1.602,HSE06,no,CASTEP,10.3390/nano15211656,,10.3390/nano15211656,False,ok,primary,literature_harvest_2026-09-27.csv,102,functional HSE06 is not a training label (PBE or PBE+SOC only)
Ca3PF3,Ca,P,F,3.788,TB-MBJ,no,WIEN2k,10.5488/cmp.29.23701,2606.22104,10.5488/cmp.29.23701,False,ok,primary,literature_harvest_2026-09-27.csv,104,functional TB-MBJ is not a training label (PBE or PBE+SOC only)
Ca3PCl3,Ca,P,Cl,2.858,TB-MBJ,no,WIEN2k,10.5488/cmp.29.23701,2606.22104,10.5488/cmp.29.23701,False,ok,primary,literature_harvest_2026-09-27.csv,106,functional TB-MBJ is not a training label (PBE or PBE+SOC only)
Ca3PBr3,Ca,P,Br,2.553,TB-MBJ,no,WIEN2k,10.5488/cmp.29.23701,2606.22104,10.5488/cmp.29.23701,False,ok,primary,literature_harvest_2026-09-27.csv,108,functional TB-MBJ is not a training label (PBE or PBE+SOC only)
Ca3PI3,Ca,P,I,2.0,TB-MBJ,no,WIEN2k,10.5488/cmp.29.23701,2606.22104,10.5488/cmp.29.23701,False,ok,primary,literature_harvest_2026-09-27.csv,110,functional TB-MBJ is not a training label (PBE or PBE+SOC only)
Ba3PCl3,Ba,P,Cl,1.99,G0W0@PBE+SOC,yes,QE,10.31526/jais.2026.01,,10.31526/jais.2026.01,False,ok,primary,literature_harvest_2026-09-27.csv,112,functional G0W0@PBE+SOC is not a training label (PBE or PBE+SOC only)
Ca3BiI3,Ca,Bi,I,1.79,TB-MBJ,unknown,WIEN2k,10.1088/1361-6641/ada17e,,10.1088/1361-6641/ada17e,False,ok,primary,literature_harvest_2026-09-27.csv,116,functional TB-MBJ is not a training label (PBE or PBE+SOC only)
Ca3AsBr3,Ca,As,Br,2.44,HSE06,unknown,unknown,10.1134/S1063782625603371,,10.1134/s1063782625603371,False,ok,primary,literature_harvest_2026-09-27.csv,118,functional HSE06 is not a training label (PBE or PBE+SOC only)
Ca3AsI3,Ca,As,I,1.58,UNSTATED,no,unknown,10.1063/5.0156961,,10.1063/5.0156961,False,ok,primary,literature_harvest_2026-09-27.csv,119,functional UNSTATED is not a training label (PBE or PBE+SOC only)
Ca3AsI3,Ca,As,I,1.27,UNSTATED+SOC,yes,unknown,10.1063/5.0156961,,10.1063/5.0156961,False,ok,primary,literature_harvest_2026-09-27.csv,120,functional UNSTATED+SOC is not a training label (PBE or PBE+SOC only)
Ca3PI3,Ca,P,I,1.465,GGA,unknown,WIEN2k,10.1134/s1063783425600335,,10.1134/s1063783425600335,False,ok,primary,literature_harvest_2026-09-27.csv,123,functional GGA is not a training label (PBE or PBE+SOC only)
Ba3PI3,Ba,P,I,0.842,GGA,unknown,WIEN2k,10.1134/s1063783425600335,,10.1134/s1063783425600335,False,ok,primary,literature_harvest_2026-09-27.csv,124,functional GGA is not a training label (PBE or PBE+SOC only)
Mg3PI3,Mg,P,I,0.566,GGA,unknown,WIEN2k,10.1134/s1063783425600335,,10.1134/s1063783425600335,False,ok,primary,literature_harvest_2026-09-27.csv,125,functional GGA is not a training label (PBE or PBE+SOC only)
Mg3PI3,Mg,P,I,0.98,HSE,unknown,unknown,10.1142/s1793292025500481,,10.1142/s1793292025500481,False,ok,primary,literature_harvest_2026-09-27.csv,127,functional HSE is not a training label (PBE or PBE+SOC only)
Ca3SbBr3,Ca,Sb,Br,2.592,HSE06,unknown,QuantumATK,10.1134/s1063783424601486,,10.1134/s1063783424601486,False,ok,primary,literature_harvest_2026-09-27.csv,129,functional HSE06 is not a training label (PBE or PBE+SOC only)
Ca3SbCl3,Ca,Sb,Cl,1.814,GGA,unknown,unknown,10.1007/s11082-024-07968-2,,10.1007/s11082-024-07968-2,False,ok,primary,literature_harvest_2026-09-27.csv,130,functional GGA is not a training label (PBE or PBE+SOC only)
Ca3SbCl3,Ca,Sb,Cl,2.67,HSE06,unknown,unknown,10.1007/s11082-024-07968-2,,10.1007/s11082-024-07968-2,False,ok,primary,literature_harvest_2026-09-27.csv,131,functional HSE06 is not a training label (PBE or PBE+SOC only)
Sr3PCl3,Sr,P,Cl,1.7,GGA,unknown,unknown,10.1007/s11082-024-07388-2,,10.1007/s11082-024-07388-2,False,ok,primary,literature_harvest_2026-09-27.csv,132,functional GGA is not a training label (PBE or PBE+SOC only)
Sr3PBr3,Sr,P,Br,1.55,GGA,unknown,unknown,10.1007/s11082-024-07388-2,,10.1007/s11082-024-07388-2,False,ok,primary,literature_harvest_2026-09-27.csv,133,functional GGA is not a training label (PBE or PBE+SOC only)
Sr3PCl3,Sr,P,Cl,2.73,TB-MBJ,unknown,unknown,10.1007/s11082-024-07388-2,,10.1007/s11082-024-07388-2,False,ok,primary,literature_harvest_2026-09-27.csv,134,functional TB-MBJ is not a training label (PBE or PBE+SOC only)
Sr3PBr3,Sr,P,Br,2.4,TB-MBJ,unknown,unknown,10.1007/s11082-024-07388-2,,10.1007/s11082-024-07388-2,False,ok,primary,literature_harvest_2026-09-27.csv,135,functional TB-MBJ is not a training label (PBE or PBE+SOC only)
Ba3AsCl3,Ba,As,Cl,1.564,HSE06,unknown,unknown,10.1088/1402-4896/adee54,,10.1088/1402-4896/adee54,False,ok,primary,literature_harvest_2026-09-27.csv,137,functional HSE06 is not a training label (PBE or PBE+SOC only)
Ba3AsF3,Ba,As,F,2.27,UNSTATED,unknown,unknown,10.1016/j.jmrt.2024.06.218,,10.1016/j.jmrt.2024.06.218,False,ok,primary,literature_harvest_2026-09-27.csv,140,functional UNSTATED is not a training label (PBE or PBE+SOC only)
Ba3AsCl3,Ba,As,Cl,1.73,UNSTATED,unknown,unknown,10.1016/j.jmrt.2024.06.218,,10.1016/j.jmrt.2024.06.218,False,ok,primary,literature_harvest_2026-09-27.csv,141,functional UNSTATED is not a training label (PBE or PBE+SOC only)
Ba3SbBr3,Ba,Sb,Br,1.6093,HSE06,no,unknown,10.1016/j.mtcomm.2026.115331,,10.1016/j.mtcomm.2026.115331,False,ok,primary,literature_harvest_2026-09-27.csv,144,functional HSE06 is not a training label (PBE or PBE+SOC only)
Sr3AsBr3,Sr,As,Br,2.35,MBJ,unknown,unknown,10.1016/j.rineng.2024.103340,,10.1016/j.rineng.2024.103340,False,ok,primary,literature_harvest_2026-09-27.csv,146,functional MBJ is not a training label (PBE or PBE+SOC only)
Sr3SbBr3,Sr,Sb,Br,2.3,MBJ,unknown,unknown,10.1016/j.rineng.2024.103340,,10.1016/j.rineng.2024.103340,False,ok,primary,literature_harvest_2026-09-27.csv,147,functional MBJ is not a training label (PBE or PBE+SOC only)
Ca3AsF3,Ca,As,F,3.54,TB-MBJ,unknown,WIEN2k,10.1016/j.heliyon.2024.e38898,,10.1016/j.heliyon.2024.e38898,False,ok,primary,literature_harvest_2026-09-27.csv,152,functional TB-MBJ is not a training label (PBE or PBE+SOC only)
Mg3AsF3,Mg,As,F,3.48,UNSTATED,unknown,unknown,10.1063/5.0227593,,10.1063/5.0227593,False,ok,primary,literature_harvest_2026-09-27.csv,155,functional UNSTATED is not a training label (PBE or PBE+SOC only)
Mg3AsCl3,Mg,As,Cl,2.06,UNSTATED,unknown,unknown,10.1063/5.0227593,,10.1063/5.0227593,False,ok,primary,literature_harvest_2026-09-27.csv,156,functional UNSTATED is not a training label (PBE or PBE+SOC only)
Mg3AsBr3,Mg,As,Br,1.26,UNSTATED,unknown,unknown,10.1063/5.0227593,,10.1063/5.0227593,False,ok,primary,literature_harvest_2026-09-27.csv,157,functional UNSTATED is not a training label (PBE or PBE+SOC only)
Mg3AsI3,Mg,As,I,0.265,UNSTATED,unknown,unknown,10.1063/5.0227593,,10.1063/5.0227593,False,ok,primary,literature_harvest_2026-09-27.csv,158,functional UNSTATED is not a training label (PBE or PBE+SOC only)
Mg3AsBr3,Mg,As,Br,1.485,UNSTATED,unknown,unknown,10.1088/1402-4896/ad6bd1,,10.1088/1402-4896/ad6bd1,False,ok,primary,literature_harvest_2026-09-27.csv,159,functional UNSTATED is not a training label (PBE or PBE+SOC only)
Sr3PCl3,Sr,P,Cl,1.641,UNSTATED,unknown,unknown,10.1016/j.poly.2025.117676,,10.1016/j.poly.2025.117676,False,ok,primary,literature_harvest_2026-09-27.csv,160,functional UNSTATED is not a training label (PBE or PBE+SOC only)
