formula,A,B,X,Eg_eV,functional,soc,code,doi,arxiv_id,source_id,preprint,status,use,source_file,source_row
Ca3BiI3,Ca,Bi,I,1.29,PBE,unknown,,"NJC 2026,50,522 Islam",,"NJC 2026,50,522 Islam",False,source_unverified,sensitivity_only,a3bx3_literature_v1.csv,2
Ca3BiBr3,Ca,Bi,Br,1.6,PBE,unknown,,"NJC 2026,50,522 Islam",,"NJC 2026,50,522 Islam",False,source_unverified,sensitivity_only,a3bx3_literature_v1.csv,3
Ca3BiCl3,Ca,Bi,Cl,1.76,PBE,unknown,,"NJC 2026,50,522 Islam",,"NJC 2026,50,522 Islam",False,source_unverified,sensitivity_only,a3bx3_literature_v1.csv,4
Ba3AsI3,Ba,As,I,0.834,PBE,unknown,,10.1016/j.heliyon.2023.e21675,,10.1016/j.heliyon.2023.e21675,False,ok,primary,a3bx3_literature_v1.csv,7
Ca3PI3,Ca,P,I,1.4909,PBE,unknown,,10.1016/j.heliyon.2024.e29144,,10.1016/j.heliyon.2024.e29144,False,ok,primary,a3bx3_literature_v1.csv,8
Ca3PBr3,Ca,P,Br,1.9502,PBE,unknown,,10.1016/j.heliyon.2024.e29144,,10.1016/j.heliyon.2024.e29144,False,ok,primary,a3bx3_literature_v1.csv,9
Ca3PCl3,Ca,P,Cl,2.2058,PBE,unknown,,10.1016/j.heliyon.2024.e29144,,10.1016/j.heliyon.2024.e29144,False,ok,primary,a3bx3_literature_v1.csv,10
Ca3SbCl3,Ca,Sb,Cl,1.814,PBE,unknown,,10.1007/s11082-024-07968-2,,10.1007/s11082-024-07968-2,False,ok,primary,a3bx3_literature_v1.csv,12
Ca3AsCl3,Ca,As,Cl,1.742,PBE,unknown,,10.1016/j.mtcomm.2024,,10.1016/j.mtcomm.2024,False,source_unverified,sensitivity_only,a3bx3_literature_v1.csv,15
Sr3PCl3,Sr,P,Cl,1.7,PBE,unknown,,10.1007/s11082-024-07388-2,,10.1007/s11082-024-07388-2,False,ok,primary,a3bx3_literature_v1.csv,17
Sr3PBr3,Sr,P,Br,1.55,PBE,unknown,,10.1007/s11082-024-07388-2,,10.1007/s11082-024-07388-2,False,ok,primary,a3bx3_literature_v1.csv,18
Ba3AsCl3,Ba,As,Cl,0.942,PBE,unknown,,10.1088/1402-4896/adee54,,10.1088/1402-4896/adee54,False,ok,primary,a3bx3_literature_v1.csv,19
Sr3AsCl3,Sr,As,Cl,1.7,PBE,unknown,,10.1016/j.heliyon.2024.e35855,,10.1016/j.heliyon.2024.e35855,False,ok,primary,a3bx3_literature_v1.csv,20
Sr3SbCl3,Sr,Sb,Cl,1.72,PBE,unknown,,10.1016/j.heliyon.2024.e35855,,10.1016/j.heliyon.2024.e35855,False,ok,primary,a3bx3_literature_v1.csv,21
Mg3PCl3,Mg,P,Cl,2.297,PBE,unknown,,10.1039/D5RA01185J,,10.1039/d5ra01185j,False,ok,primary,a3bx3_literature_v1.csv,22
Mg3PBr3,Mg,P,Br,1.506,PBE,unknown,,10.1039/D5RA01185J,,10.1039/d5ra01185j,False,ok,primary,a3bx3_literature_v1.csv,23
Ba3SbI3,Ba,Sb,I,0.78,PBE,unknown,,10.1007/s10853-024-10487-w,,10.1007/s10853-024-10487-w,False,ok,primary,a3bx3_literature_v1.csv,24
Ba3PCl3,Ba,P,Cl,0.964,PBE,no,VASP,,2604.01942,arXiv:2604.01942,True,ok,primary,literature_harvest_2026-09-27.csv,2
Ba3PBr3,Ba,P,Br,0.944,PBE,no,VASP,,2604.01942,arXiv:2604.01942,True,ok,primary,literature_harvest_2026-09-27.csv,7
Ba3PI3,Ba,P,I,0.764,PBE,no,VASP,,2604.01942,arXiv:2604.01942,True,ok,primary,literature_harvest_2026-09-27.csv,12
Ba3AsCl3,Ba,As,Cl,0.969,PBE,no,VASP,,2604.01942,arXiv:2604.01942,True,ok,primary,literature_harvest_2026-09-27.csv,17
Ba3AsBr3,Ba,As,Br,0.92,PBE,no,VASP,,2604.01942,arXiv:2604.01942,True,ok,primary,literature_harvest_2026-09-27.csv,22
Ba3AsI3,Ba,As,I,0.77,PBE,no,VASP,,2604.01942,arXiv:2604.01942,True,ok,primary,literature_harvest_2026-09-27.csv,27
Ba3SbCl3,Ba,Sb,Cl,1.002,PBE,no,VASP,,2604.01942,arXiv:2604.01942,True,ok,primary,literature_harvest_2026-09-27.csv,32
Ba3SbBr3,Ba,Sb,Br,0.973,PBE,no,VASP,,2604.01942,arXiv:2604.01942,True,ok,primary,literature_harvest_2026-09-27.csv,37
Ba3SbI3,Ba,Sb,I,0.874,PBE,no,VASP,,2604.01942,arXiv:2604.01942,True,ok,primary,literature_harvest_2026-09-27.csv,42
Ba3BiCl3,Ba,Bi,Cl,0.957,PBE,no,VASP,,2604.01942,arXiv:2604.01942,True,ok,primary,literature_harvest_2026-09-27.csv,47
Ba3BiBr3,Ba,Bi,Br,0.912,PBE,no,VASP,,2604.01942,arXiv:2604.01942,True,ok,primary,literature_harvest_2026-09-27.csv,52
Ba3BiI3,Ba,Bi,I,0.786,PBE,no,VASP,,2604.01942,arXiv:2604.01942,True,ok,primary,literature_harvest_2026-09-27.csv,57
Mg3BiBr3,Mg,Bi,Br,1.071,PBE,no,QE,10.1039/d4ra09093d,,10.1039/d4ra09093d,False,ok,primary,literature_harvest_2026-09-27.csv,62
Mg3BiI3,Mg,Bi,I,0.224,PBE,no,QE,10.1039/d4ra09093d,,10.1039/d4ra09093d,False,ok,primary,literature_harvest_2026-09-27.csv,64
Sr3AsI3,Sr,As,I,1.265,PBE,no,QE,10.1016/j.heliyon.2023.e19271,,10.1016/j.heliyon.2023.e19271,False,ok,primary,literature_harvest_2026-09-27.csv,79
Mg3SbI3,Mg,Sb,I,0.1057,PBE,no,QE,10.1016/j.heliyon.2024.e39218,,10.1016/j.heliyon.2024.e39218,False,ok,primary,literature_harvest_2026-09-27.csv,82
Mg3SbBr3,Mg,Sb,Br,0.9578,PBE,no,QE,10.1016/j.heliyon.2024.e39218,,10.1016/j.heliyon.2024.e39218,False,ok,primary,literature_harvest_2026-09-27.csv,84
Mg3SbCl3,Mg,Sb,Cl,1.7283,PBE,no,QE,10.1016/j.heliyon.2024.e39218,,10.1016/j.heliyon.2024.e39218,False,ok,primary,literature_harvest_2026-09-27.csv,86
Mg3SbF3,Mg,Sb,F,3.184,PBE,no,QE,10.1016/j.heliyon.2024.e39218,,10.1016/j.heliyon.2024.e39218,False,ok,primary,literature_harvest_2026-09-27.csv,88
Mg3AsBr3,Mg,As,Br,1.2907,PBE,unknown,VASP,10.1021/acsomega.5c11440,2510.18579,10.1021/acsomega.5c11440,False,ok,primary,literature_harvest_2026-09-27.csv,92
Mg3SbBr3,Mg,Sb,Br,0.9259,PBE,unknown,VASP,10.1021/acsomega.5c11440,2510.18579,10.1021/acsomega.5c11440,False,ok,primary,literature_harvest_2026-09-27.csv,94
Mg3BiBr3,Mg,Bi,Br,0.8587,PBE,unknown,VASP,10.1021/acsomega.5c11440,2510.18579,10.1021/acsomega.5c11440,False,ok,primary,literature_harvest_2026-09-27.csv,96
Ca3AsBr3,Ca,As,Br,1.634,PBE,no,CASTEP,10.1021/acsomega.3c08131,,10.1021/acsomega.3c08131,False,ok,primary,literature_harvest_2026-09-27.csv,98
Ca3AsBr3,Ca,As,Br,1.66,PBE,unknown,QE,10.1038/s41598-026-48441-2,,10.1038/s41598-026-48441-2,False,ok,primary,literature_harvest_2026-09-27.csv,99
Ba3SbI3,Ba,Sb,I,0.78,PBE,no,CASTEP,10.3390/nano15211656,,10.3390/nano15211656,False,ok,primary,literature_harvest_2026-09-27.csv,101
Ca3PF3,Ca,P,F,2.518,PBE,no,WIEN2k,10.5488/cmp.29.23701,2606.22104,10.5488/cmp.29.23701,False,ok,primary,literature_harvest_2026-09-27.csv,103
Ca3PCl3,Ca,P,Cl,1.978,PBE,no,WIEN2k,10.5488/cmp.29.23701,2606.22104,10.5488/cmp.29.23701,False,ok,primary,literature_harvest_2026-09-27.csv,105
Ca3PBr3,Ca,P,Br,1.819,PBE,no,WIEN2k,10.5488/cmp.29.23701,2606.22104,10.5488/cmp.29.23701,False,ok,primary,literature_harvest_2026-09-27.csv,107
Ca3PI3,Ca,P,I,1.469,PBE,no,WIEN2k,10.5488/cmp.29.23701,2606.22104,10.5488/cmp.29.23701,False,ok,primary,literature_harvest_2026-09-27.csv,109
Sr3PI3,Sr,P,I,1.258,PBE,no,unknown,10.1088/1402-4896/acfce9,,10.1088/1402-4896/acfce9,False,ok,primary,literature_harvest_2026-09-27.csv,113
Ca3BiI3,Ca,Bi,I,1.36,PBE,unknown,WIEN2k,10.1088/1361-6641/ada17e,,10.1088/1361-6641/ada17e,False,ok,primary,literature_harvest_2026-09-27.csv,115
Ca3AsBr3,Ca,As,Br,1.58,PBE,unknown,unknown,10.1134/S1063782625603371,,10.1134/s1063782625603371,False,ok,primary,literature_harvest_2026-09-27.csv,117
Ca3PI3,Ca,P,I,1.582,PBE,no,unknown,10.1002/nano.202300066,,10.1002/nano.202300066,False,ok,primary,literature_harvest_2026-09-27.csv,121
Mg3PI3,Mg,P,I,0.377,PBE,unknown,unknown,10.1142/s1793292025500481,,10.1142/s1793292025500481,False,ok,primary,literature_harvest_2026-09-27.csv,126
Ca3SbBr3,Ca,Sb,Br,1.782,PBE,unknown,QuantumATK,10.1134/s1063783424601486,,10.1134/s1063783424601486,False,ok,primary,literature_harvest_2026-09-27.csv,128
Ba3AsCl3,Ba,As,Cl,0.976,PBE,no,QE,10.56919/usci.2544.008,,10.56919/usci.2544.008,False,ok,primary,literature_harvest_2026-09-27.csv,138
Ba3SbBr3,Ba,Sb,Br,1.1908,PBE,no,unknown,10.1016/j.mtcomm.2026.115331,,10.1016/j.mtcomm.2026.115331,False,ok,primary,literature_harvest_2026-09-27.csv,142
Ca3PCl3,Ca,P,Cl,2.035,PBE,unknown,QuantumATK,10.26565/2312-4334-2025-4-50,,10.26565/2312-4334-2025-4-50,False,ok,primary,literature_harvest_2026-09-27.csv,145
Sr3PCl3,Sr,P,Cl,1.677,PBE,unknown,VASP,10.1021/acsomega.6c02217,,10.1021/acsomega.6c02217,False,ok,primary,literature_harvest_2026-09-27.csv,148
Sr3SbCl3,Sr,Sb,Cl,1.704,PBE,unknown,VASP,10.1021/acsomega.6c02217,,10.1021/acsomega.6c02217,False,ok,primary,literature_harvest_2026-09-27.csv,149
Ca3AsF3,Ca,As,F,2.27,PBE,unknown,QE,10.1016/j.heliyon.2024.e38898,,10.1016/j.heliyon.2024.e38898,False,ok,primary,literature_harvest_2026-09-27.csv,150
Ca3SbF3,Ca,Sb,F,2.19,PBE,unknown,QE,10.1016/j.heliyon.2024.e38898,,10.1016/j.heliyon.2024.e38898,False,ok,primary,literature_harvest_2026-09-27.csv,151
Sr3PCl3,Sr,P,Cl,1.65,PBE,unknown,CASTEP,10.1039/d5ra00607d,,10.1039/d5ra00607d,False,ok,primary,literature_harvest_2026-09-27.csv,153
Sr3SbI3,Sr,Sb,I,1.31,PBE,unknown,unknown,10.1039/d3ra06137j,,10.1039/d3ra06137j,False,ok,primary,literature_harvest_2026-09-27.csv,154
Ba3PCl3,Ba,P,Cl,0.929,PBE+SOC,yes,VASP,,2604.01942,arXiv:2604.01942,True,ok,primary,literature_harvest_2026-09-27.csv,3
Ba3PBr3,Ba,P,Br,0.918,PBE+SOC,yes,VASP,,2604.01942,arXiv:2604.01942,True,ok,primary,literature_harvest_2026-09-27.csv,8
Ba3PI3,Ba,P,I,0.746,PBE+SOC,yes,VASP,,2604.01942,arXiv:2604.01942,True,ok,primary,literature_harvest_2026-09-27.csv,13
Ba3AsCl3,Ba,As,Cl,0.92,PBE+SOC,yes,VASP,,2604.01942,arXiv:2604.01942,True,ok,primary,literature_harvest_2026-09-27.csv,18
Ba3AsBr3,Ba,As,Br,0.864,PBE+SOC,yes,VASP,,2604.01942,arXiv:2604.01942,True,ok,primary,literature_harvest_2026-09-27.csv,23
Ba3AsI3,Ba,As,I,0.693,PBE+SOC,yes,VASP,,2604.01942,arXiv:2604.01942,True,ok,primary,literature_harvest_2026-09-27.csv,28
Ba3SbCl3,Ba,Sb,Cl,0.865,PBE+SOC,yes,VASP,,2604.01942,arXiv:2604.01942,True,ok,primary,literature_harvest_2026-09-27.csv,33
Ba3SbBr3,Ba,Sb,Br,0.83,PBE+SOC,yes,VASP,,2604.01942,arXiv:2604.01942,True,ok,primary,literature_harvest_2026-09-27.csv,38
Ba3SbI3,Ba,Sb,I,0.717,PBE+SOC,yes,VASP,,2604.01942,arXiv:2604.01942,True,ok,primary,literature_harvest_2026-09-27.csv,43
Ba3BiCl3,Ba,Bi,Cl,0.531,PBE+SOC,yes,VASP,,2604.01942,arXiv:2604.01942,True,ok,primary,literature_harvest_2026-09-27.csv,48
Ba3BiBr3,Ba,Bi,Br,0.487,PBE+SOC,yes,VASP,,2604.01942,arXiv:2604.01942,True,ok,primary,literature_harvest_2026-09-27.csv,53
Ba3BiI3,Ba,Bi,I,0.362,PBE+SOC,yes,VASP,,2604.01942,arXiv:2604.01942,True,ok,primary,literature_harvest_2026-09-27.csv,58
Ca3PI3,Ca,P,I,1.2382,PBE+SOC,yes,QE,10.1016/j.heliyon.2024.e29144,,10.1016/j.heliyon.2024.e29144,False,ok,primary,literature_harvest_2026-09-27.csv,71
Ca3PBr3,Ca,P,Br,1.6456,PBE+SOC,yes,QE,10.1016/j.heliyon.2024.e29144,,10.1016/j.heliyon.2024.e29144,False,ok,primary,literature_harvest_2026-09-27.csv,73
Ca3PCl3,Ca,P,Cl,1.9056,PBE+SOC,yes,QE,10.1016/j.heliyon.2024.e29144,,10.1016/j.heliyon.2024.e29144,False,ok,primary,literature_harvest_2026-09-27.csv,75
Ba3AsI3,Ba,As,I,0.77,PBE+SOC,yes,CASTEP,10.1016/j.heliyon.2023.e21675,,10.1016/j.heliyon.2023.e21675,False,ok,primary,literature_harvest_2026-09-27.csv,77
Sr3AsI3,Sr,As,I,1.212,PBE+SOC,yes,QE,10.1016/j.heliyon.2023.e19271,,10.1016/j.heliyon.2023.e19271,False,ok,primary,literature_harvest_2026-09-27.csv,80
Mg3SbI3,Mg,Sb,I,0.198,PBE+SOC,yes,QE,10.1016/j.heliyon.2024.e39218,,10.1016/j.heliyon.2024.e39218,False,ok,primary,literature_harvest_2026-09-27.csv,83
Mg3SbBr3,Mg,Sb,Br,1.203,PBE+SOC,yes,QE,10.1016/j.heliyon.2024.e39218,,10.1016/j.heliyon.2024.e39218,False,ok,primary,literature_harvest_2026-09-27.csv,85
Mg3SbCl3,Mg,Sb,Cl,1.901,PBE+SOC,yes,QE,10.1016/j.heliyon.2024.e39218,,10.1016/j.heliyon.2024.e39218,False,ok,primary,literature_harvest_2026-09-27.csv,87
Mg3SbF3,Mg,Sb,F,3.723,PBE+SOC,yes,QE,10.1016/j.heliyon.2024.e39218,,10.1016/j.heliyon.2024.e39218,False,ok,primary,literature_harvest_2026-09-27.csv,89
Ba3PCl3,Ba,P,Cl,0.95,PBE+SOC,yes,QE,10.31526/jais.2026.01,,10.31526/jais.2026.01,False,ok,primary,literature_harvest_2026-09-27.csv,111
Sr3PI3,Sr,P,I,1.242,PBE+SOC,yes,unknown,10.1088/1402-4896/acfce9,,10.1088/1402-4896/acfce9,False,ok,primary,literature_harvest_2026-09-27.csv,114
Ca3PI3,Ca,P,I,1.329,PBE+SOC,yes,unknown,10.1002/nano.202300066,,10.1002/nano.202300066,False,ok,primary,literature_harvest_2026-09-27.csv,122
Ba3AsCl3,Ba,As,Cl,0.934,PBE+SOC,yes,QE,10.56919/usci.2544.008,,10.56919/usci.2544.008,False,ok,primary,literature_harvest_2026-09-27.csv,139
Ba3SbBr3,Ba,Sb,Br,1.05,PBE+SOC,yes,unknown,10.1016/j.mtcomm.2026.115331,,10.1016/j.mtcomm.2026.115331,False,ok,primary,literature_harvest_2026-09-27.csv,143
