dataset,split,repeat,fold,model,formula,y_pred
primary,lobo,0,0,mlp_physics9,Ba3AsBr3,0.803651
primary,lobo,0,0,mlp_physics9,Ba3AsCl3,0.875698
primary,lobo,0,0,mlp_physics9,Ba3AsI3,0.663638
primary,lobo,0,0,mlp_physics9,Ca3AsBr3,1.800226
primary,lobo,0,0,mlp_physics9,Ca3AsF3,2.453063
primary,lobo,0,0,mlp_physics9,Mg3AsBr3,1.419526
primary,lobo,0,0,mlp_physics9,Sr3AsCl3,1.583165
primary,lobo,0,0,mlp_physics9,Sr3AsI3,1.189818
primary,lobo,0,1,mlp_physics9,Ba3BiBr3,1.221814
primary,lobo,0,1,mlp_physics9,Ba3BiCl3,1.211231
primary,lobo,0,1,mlp_physics9,Ba3BiI3,0.942433
primary,lobo,0,1,mlp_physics9,Ca3BiI3,1.157998
primary,lobo,0,1,mlp_physics9,Mg3BiBr3,0.992576
primary,lobo,0,1,mlp_physics9,Mg3BiI3,0.133835
primary,lobo,0,2,mlp_physics9,Ba3PBr3,1.090519
primary,lobo,0,2,mlp_physics9,Ba3PCl3,1.210062
primary,lobo,0,2,mlp_physics9,Ba3PI3,0.917972
primary,lobo,0,2,mlp_physics9,Ca3PBr3,1.676297
primary,lobo,0,2,mlp_physics9,Ca3PCl3,1.916488
primary,lobo,0,2,mlp_physics9,Ca3PF3,2.40005
primary,lobo,0,2,mlp_physics9,Ca3PI3,1.244197
primary,lobo,0,2,mlp_physics9,Mg3PBr3,1.307437
primary,lobo,0,2,mlp_physics9,Mg3PCl3,1.780962
primary,lobo,0,2,mlp_physics9,Mg3PI3,0.519223
primary,lobo,0,2,mlp_physics9,Sr3PBr3,1.57165
primary,lobo,0,2,mlp_physics9,Sr3PCl3,1.772343
primary,lobo,0,2,mlp_physics9,Sr3PI3,1.252352
primary,lobo,0,3,mlp_physics9,Ba3SbBr3,0.917967
primary,lobo,0,3,mlp_physics9,Ba3SbCl3,0.955724
primary,lobo,0,3,mlp_physics9,Ba3SbI3,0.815682
primary,lobo,0,3,mlp_physics9,Ca3SbBr3,1.494148
primary,lobo,0,3,mlp_physics9,Ca3SbCl3,1.542771
primary,lobo,0,3,mlp_physics9,Ca3SbF3,1.926195
primary,lobo,0,3,mlp_physics9,Mg3SbBr3,1.081601
primary,lobo,0,3,mlp_physics9,Mg3SbCl3,1.572275
primary,lobo,0,3,mlp_physics9,Mg3SbF3,2.218682
primary,lobo,0,3,mlp_physics9,Mg3SbI3,0.232349
primary,lobo,0,3,mlp_physics9,Sr3SbCl3,1.425794
primary,lobo,0,3,mlp_physics9,Sr3SbI3,1.24116
primary,loao,0,0,mlp_physics9,Ba3AsBr3,1.487954
primary,loao,0,0,mlp_physics9,Ba3AsCl3,1.549573
primary,loao,0,0,mlp_physics9,Ba3AsI3,1.38662
primary,loao,0,0,mlp_physics9,Ba3BiBr3,1.596656
primary,loao,0,0,mlp_physics9,Ba3BiCl3,1.655517
primary,loao,0,0,mlp_physics9,Ba3BiI3,1.400928
primary,loao,0,0,mlp_physics9,Ba3PBr3,1.511601
primary,loao,0,0,mlp_physics9,Ba3PCl3,1.598457
primary,loao,0,0,mlp_physics9,Ba3PI3,1.429706
primary,loao,0,0,mlp_physics9,Ba3SbBr3,1.540366
primary,loao,0,0,mlp_physics9,Ba3SbCl3,1.597386
primary,loao,0,0,mlp_physics9,Ba3SbI3,1.373861
primary,loao,0,1,mlp_physics9,Ca3AsBr3,1.618526
primary,loao,0,1,mlp_physics9,Ca3AsF3,2.669367
primary,loao,0,1,mlp_physics9,Ca3BiI3,1.047615
primary,loao,0,1,mlp_physics9,Ca3PBr3,1.660711
primary,loao,0,1,mlp_physics9,Ca3PCl3,1.923414
primary,loao,0,1,mlp_physics9,Ca3PF3,2.762549
primary,loao,0,1,mlp_physics9,Ca3PI3,1.21995
primary,loao,0,1,mlp_physics9,Ca3SbBr3,1.439871
primary,loao,0,1,mlp_physics9,Ca3SbCl3,1.654793
primary,loao,0,1,mlp_physics9,Ca3SbF3,2.451296
primary,loao,0,2,mlp_physics9,Mg3AsBr3,2.771055
primary,loao,0,2,mlp_physics9,Mg3BiBr3,2.667654
primary,loao,0,2,mlp_physics9,Mg3BiI3,2.463474
primary,loao,0,2,mlp_physics9,Mg3PBr3,2.853429
primary,loao,0,2,mlp_physics9,Mg3PCl3,2.995993
primary,loao,0,2,mlp_physics9,Mg3PI3,2.613987
primary,loao,0,2,mlp_physics9,Mg3SbBr3,2.703813
primary,loao,0,2,mlp_physics9,Mg3SbCl3,2.829688
primary,loao,0,2,mlp_physics9,Mg3SbF3,3.229231
primary,loao,0,2,mlp_physics9,Mg3SbI3,2.493802
primary,loao,0,3,mlp_physics9,Sr3AsCl3,1.469354
primary,loao,0,3,mlp_physics9,Sr3AsI3,1.139042
primary,loao,0,3,mlp_physics9,Sr3PBr3,1.537784
primary,loao,0,3,mlp_physics9,Sr3PCl3,1.6381
primary,loao,0,3,mlp_physics9,Sr3PI3,1.269923
primary,loao,0,3,mlp_physics9,Sr3SbCl3,1.444074
primary,loao,0,3,mlp_physics9,Sr3SbI3,1.140408
primary,gkf,0,0,mlp_physics9,Ca3AsF3,2.37643
primary,gkf,0,0,mlp_physics9,Sr3AsI3,1.126484
primary,gkf,0,0,mlp_physics9,Ba3BiCl3,1.073538
primary,gkf,0,0,mlp_physics9,Ba3PBr3,0.99568
primary,gkf,0,0,mlp_physics9,Mg3PCl3,1.903686
primary,gkf,0,0,mlp_physics9,Mg3PI3,0.974338
primary,gkf,0,0,mlp_physics9,Sr3PI3,1.220572
primary,gkf,0,0,mlp_physics9,Mg3SbF3,2.401397
primary,gkf,0,1,mlp_physics9,Ca3AsBr3,1.646554
primary,gkf,0,1,mlp_physics9,Mg3BiI3,0.211332
primary,gkf,0,1,mlp_physics9,Ba3PI3,0.859899
primary,gkf,0,1,mlp_physics9,Ca3PBr3,1.694208
primary,gkf,0,1,mlp_physics9,Ca3PCl3,1.911433
primary,gkf,0,1,mlp_physics9,Ca3PF3,2.384995
primary,gkf,0,1,mlp_physics9,Ba3SbBr3,0.904026
primary,gkf,0,1,mlp_physics9,Ca3SbBr3,1.529356
primary,gkf,0,2,mlp_physics9,Ba3AsBr3,0.873772
primary,gkf,0,2,mlp_physics9,Ba3AsCl3,0.939212
primary,gkf,0,2,mlp_physics9,Sr3AsCl3,1.496388
primary,gkf,0,2,mlp_physics9,Ba3BiI3,1.144554
primary,gkf,0,2,mlp_physics9,Mg3PBr3,1.51789
primary,gkf,0,2,mlp_physics9,Ba3SbI3,1.078073
primary,gkf,0,2,mlp_physics9,Ca3SbF3,2.327741
primary,gkf,0,2,mlp_physics9,Sr3SbCl3,1.526309
primary,gkf,0,3,mlp_physics9,Ba3AsI3,0.766971
primary,gkf,0,3,mlp_physics9,Ba3BiBr3,1.080083
primary,gkf,0,3,mlp_physics9,Mg3BiBr3,0.934382
primary,gkf,0,3,mlp_physics9,Sr3PBr3,1.540469
primary,gkf,0,3,mlp_physics9,Sr3PCl3,1.70592
primary,gkf,0,3,mlp_physics9,Ba3SbCl3,1.021813
primary,gkf,0,3,mlp_physics9,Mg3SbCl3,1.544358
primary,gkf,0,3,mlp_physics9,Mg3SbI3,0.202986
primary,gkf,0,4,mlp_physics9,Mg3AsBr3,1.378262
primary,gkf,0,4,mlp_physics9,Ca3BiI3,0.870959
primary,gkf,0,4,mlp_physics9,Ba3PCl3,1.14802
primary,gkf,0,4,mlp_physics9,Ca3PI3,1.110754
primary,gkf,0,4,mlp_physics9,Ca3SbCl3,1.730581
primary,gkf,0,4,mlp_physics9,Mg3SbBr3,1.04039
primary,gkf,0,4,mlp_physics9,Sr3SbI3,0.997183
primary,gkf,1,5,mlp_physics9,Ba3AsBr3,0.892553
primary,gkf,1,5,mlp_physics9,Ca3AsBr3,1.725854
primary,gkf,1,5,mlp_physics9,Ba3BiCl3,1.345157
primary,gkf,1,5,mlp_physics9,Mg3BiBr3,1.242386
primary,gkf,1,5,mlp_physics9,Mg3PI3,0.777517
primary,gkf,1,5,mlp_physics9,Ba3SbCl3,1.238399
primary,gkf,1,5,mlp_physics9,Mg3SbBr3,1.162039
primary,gkf,1,5,mlp_physics9,Mg3SbCl3,1.848235
primary,gkf,1,6,mlp_physics9,Mg3AsBr3,1.309398
primary,gkf,1,6,mlp_physics9,Ba3BiI3,0.912941
primary,gkf,1,6,mlp_physics9,Ca3PBr3,1.75207
primary,gkf,1,6,mlp_physics9,Ca3PI3,1.278876
primary,gkf,1,6,mlp_physics9,Mg3PCl3,2.039187
primary,gkf,1,6,mlp_physics9,Ba3SbBr3,0.900687
primary,gkf,1,6,mlp_physics9,Ca3SbF3,2.400251
primary,gkf,1,6,mlp_physics9,Mg3SbI3,0.248674
primary,gkf,1,7,mlp_physics9,Ba3AsI3,0.821881
primary,gkf,1,7,mlp_physics9,Sr3AsCl3,1.465115
primary,gkf,1,7,mlp_physics9,Sr3AsI3,1.140421
primary,gkf,1,7,mlp_physics9,Ba3PCl3,1.155283
primary,gkf,1,7,mlp_physics9,Ca3PCl3,1.965596
primary,gkf,1,7,mlp_physics9,Sr3PBr3,1.534119
primary,gkf,1,7,mlp_physics9,Ba3SbI3,0.929281
primary,gkf,1,7,mlp_physics9,Sr3SbI3,1.224481
primary,gkf,1,8,mlp_physics9,Ba3AsCl3,1.04723
primary,gkf,1,8,mlp_physics9,Ca3BiI3,1.050538
primary,gkf,1,8,mlp_physics9,Mg3PBr3,1.57623
primary,gkf,1,8,mlp_physics9,Sr3PCl3,1.723814
primary,gkf,1,8,mlp_physics9,Sr3PI3,1.219435
primary,gkf,1,8,mlp_physics9,Ca3SbBr3,1.473465
primary,gkf,1,8,mlp_physics9,Mg3SbF3,2.497183
primary,gkf,1,8,mlp_physics9,Sr3SbCl3,1.480424
primary,gkf,1,9,mlp_physics9,Ca3AsF3,2.496431
primary,gkf,1,9,mlp_physics9,Ba3BiBr3,1.039698
primary,gkf,1,9,mlp_physics9,Mg3BiI3,0.091226
primary,gkf,1,9,mlp_physics9,Ba3PBr3,0.970461
primary,gkf,1,9,mlp_physics9,Ba3PI3,0.856752
primary,gkf,1,9,mlp_physics9,Ca3PF3,2.626491
primary,gkf,1,9,mlp_physics9,Ca3SbCl3,1.847552
primary,gkf,2,10,mlp_physics9,Ba3AsCl3,0.976973
primary,gkf,2,10,mlp_physics9,Ba3BiBr3,1.195638
primary,gkf,2,10,mlp_physics9,Ba3BiCl3,1.261321
primary,gkf,2,10,mlp_physics9,Ba3BiI3,0.921685
primary,gkf,2,10,mlp_physics9,Ca3PCl3,2.039298
primary,gkf,2,10,mlp_physics9,Mg3PCl3,2.019963
primary,gkf,2,10,mlp_physics9,Ba3SbBr3,1.03795
primary,gkf,2,10,mlp_physics9,Ba3SbCl3,1.112714
primary,gkf,2,11,mlp_physics9,Ba3AsI3,0.671376
primary,gkf,2,11,mlp_physics9,Sr3AsCl3,1.489396
primary,gkf,2,11,mlp_physics9,Sr3AsI3,1.011339
primary,gkf,2,11,mlp_physics9,Ca3PI3,1.127098
primary,gkf,2,11,mlp_physics9,Sr3PI3,1.114789
primary,gkf,2,11,mlp_physics9,Ba3SbI3,0.877235
primary,gkf,2,11,mlp_physics9,Ca3SbBr3,1.672503
primary,gkf,2,11,mlp_physics9,Mg3SbBr3,1.015904
primary,gkf,2,12,mlp_physics9,Ba3AsBr3,0.909107
primary,gkf,2,12,mlp_physics9,Mg3BiBr3,0.970832
primary,gkf,2,12,mlp_physics9,Ba3PBr3,0.960857
primary,gkf,2,12,mlp_physics9,Ba3PI3,0.913132
primary,gkf,2,12,mlp_physics9,Mg3PBr3,1.502523
primary,gkf,2,12,mlp_physics9,Ca3SbF3,2.381216
primary,gkf,2,12,mlp_physics9,Mg3SbI3,0.208582
primary,gkf,2,12,mlp_physics9,Sr3SbI3,1.196973
primary,gkf,2,13,mlp_physics9,Ca3AsBr3,1.78532
primary,gkf,2,13,mlp_physics9,Mg3BiI3,0.143242
primary,gkf,2,13,mlp_physics9,Ca3PBr3,1.85854
primary,gkf,2,13,mlp_physics9,Ca3PF3,2.391958
primary,gkf,2,13,mlp_physics9,Mg3PI3,0.67345
primary,gkf,2,13,mlp_physics9,Sr3PBr3,1.548426
primary,gkf,2,13,mlp_physics9,Ca3SbCl3,1.8865
primary,gkf,2,13,mlp_physics9,Mg3SbCl3,1.618767
primary,gkf,2,14,mlp_physics9,Ca3AsF3,2.431604
primary,gkf,2,14,mlp_physics9,Mg3AsBr3,1.298644
primary,gkf,2,14,mlp_physics9,Ca3BiI3,1.294984
primary,gkf,2,14,mlp_physics9,Ba3PCl3,1.145166
primary,gkf,2,14,mlp_physics9,Sr3PCl3,1.769119
primary,gkf,2,14,mlp_physics9,Mg3SbF3,2.949263
primary,gkf,2,14,mlp_physics9,Sr3SbCl3,1.464161
primary,gkf,3,15,mlp_physics9,Ba3AsCl3,0.950198
primary,gkf,3,15,mlp_physics9,Ba3BiBr3,1.214127
primary,gkf,3,15,mlp_physics9,Ba3BiI3,1.133249
primary,gkf,3,15,mlp_physics9,Mg3BiI3,0.32586
primary,gkf,3,15,mlp_physics9,Ca3PF3,2.376298
primary,gkf,3,15,mlp_physics9,Ca3PI3,1.25868
primary,gkf,3,15,mlp_physics9,Mg3PBr3,1.505285
primary,gkf,3,15,mlp_physics9,Mg3SbI3,0.245649
primary,gkf,3,16,mlp_physics9,Ca3AsBr3,1.796794
primary,gkf,3,16,mlp_physics9,Ca3PCl3,2.051929
primary,gkf,3,16,mlp_physics9,Sr3PCl3,1.693763
primary,gkf,3,16,mlp_physics9,Sr3PI3,1.264964
primary,gkf,3,16,mlp_physics9,Ba3SbBr3,0.912029
primary,gkf,3,16,mlp_physics9,Ba3SbCl3,0.982153
primary,gkf,3,16,mlp_physics9,Ca3SbBr3,1.692732
primary,gkf,3,16,mlp_physics9,Mg3SbBr3,1.07199
primary,gkf,3,17,mlp_physics9,Ba3AsBr3,0.873879
primary,gkf,3,17,mlp_physics9,Ca3AsF3,2.48905
primary,gkf,3,17,mlp_physics9,Ca3BiI3,1.211808
primary,gkf,3,17,mlp_physics9,Mg3PCl3,2.090539
primary,gkf,3,17,mlp_physics9,Ca3SbCl3,1.68578
primary,gkf,3,17,mlp_physics9,Ca3SbF3,2.359683
primary,gkf,3,17,mlp_physics9,Mg3SbCl3,1.669227
primary,gkf,3,17,mlp_physics9,Sr3SbCl3,1.463706
primary,gkf,3,18,mlp_physics9,Ba3AsI3,0.777991
primary,gkf,3,18,mlp_physics9,Mg3AsBr3,1.296487
primary,gkf,3,18,mlp_physics9,Sr3AsI3,1.220672
primary,gkf,3,18,mlp_physics9,Ba3BiCl3,1.100512
primary,gkf,3,18,mlp_physics9,Mg3BiBr3,1.083579
primary,gkf,3,18,mlp_physics9,Ca3PBr3,1.793388
primary,gkf,3,18,mlp_physics9,Sr3PBr3,1.475325
primary,gkf,3,18,mlp_physics9,Mg3SbF3,2.717222
primary,gkf,3,19,mlp_physics9,Sr3AsCl3,1.467858
primary,gkf,3,19,mlp_physics9,Ba3PBr3,1.129241
primary,gkf,3,19,mlp_physics9,Ba3PCl3,1.175833
primary,gkf,3,19,mlp_physics9,Ba3PI3,1.052687
primary,gkf,3,19,mlp_physics9,Mg3PI3,0.749332
primary,gkf,3,19,mlp_physics9,Ba3SbI3,0.93138
primary,gkf,3,19,mlp_physics9,Sr3SbI3,1.181263
primary,gkf,4,20,mlp_physics9,Ca3AsF3,2.359315
primary,gkf,4,20,mlp_physics9,Sr3AsI3,1.14611
primary,gkf,4,20,mlp_physics9,Ba3BiCl3,1.127192
primary,gkf,4,20,mlp_physics9,Mg3BiBr3,1.06931
primary,gkf,4,20,mlp_physics9,Ba3PCl3,1.111327
primary,gkf,4,20,mlp_physics9,Ca3PBr3,1.846273
primary,gkf,4,20,mlp_physics9,Sr3PI3,1.222107
primary,gkf,4,20,mlp_physics9,Sr3SbI3,1.122574
primary,gkf,4,21,mlp_physics9,Ba3AsI3,0.965776
primary,gkf,4,21,mlp_physics9,Ba3BiBr3,1.069405
primary,gkf,4,21,mlp_physics9,Ba3PI3,1.055021
primary,gkf,4,21,mlp_physics9,Ca3PCl3,2.012738
primary,gkf,4,21,mlp_physics9,Ca3PF3,2.431822
primary,gkf,4,21,mlp_physics9,Mg3PBr3,1.456892
primary,gkf,4,21,mlp_physics9,Mg3SbF3,3.20966
primary,gkf,4,21,mlp_physics9,Sr3SbCl3,1.454072
primary,gkf,4,22,mlp_physics9,Ba3AsBr3,0.841416
primary,gkf,4,22,mlp_physics9,Sr3AsCl3,1.531577
primary,gkf,4,22,mlp_physics9,Ba3BiI3,1.071075
primary,gkf,4,22,mlp_physics9,Ba3SbCl3,1.036591
primary,gkf,4,22,mlp_physics9,Ba3SbI3,1.009805
primary,gkf,4,22,mlp_physics9,Ca3SbBr3,1.61327
primary,gkf,4,22,mlp_physics9,Ca3SbCl3,1.850208
primary,gkf,4,22,mlp_physics9,Mg3SbCl3,1.560431
primary,gkf,4,23,mlp_physics9,Ba3AsCl3,0.951386
primary,gkf,4,23,mlp_physics9,Mg3BiI3,0.2019
primary,gkf,4,23,mlp_physics9,Ca3PI3,1.306486
primary,gkf,4,23,mlp_physics9,Mg3PCl3,2.009893
primary,gkf,4,23,mlp_physics9,Mg3PI3,0.677206
primary,gkf,4,23,mlp_physics9,Sr3PBr3,1.611487
primary,gkf,4,23,mlp_physics9,Ba3SbBr3,0.92499
primary,gkf,4,23,mlp_physics9,Ca3SbF3,2.401265
primary,gkf,4,24,mlp_physics9,Ca3AsBr3,1.751759
primary,gkf,4,24,mlp_physics9,Mg3AsBr3,1.338009
primary,gkf,4,24,mlp_physics9,Ca3BiI3,1.120213
primary,gkf,4,24,mlp_physics9,Ba3PBr3,0.92307
primary,gkf,4,24,mlp_physics9,Sr3PCl3,1.759591
primary,gkf,4,24,mlp_physics9,Mg3SbBr3,0.993742
primary,gkf,4,24,mlp_physics9,Mg3SbI3,0.341293
primary,gkf,5,25,mlp_physics9,Ca3AsBr3,1.755017
primary,gkf,5,25,mlp_physics9,Mg3AsBr3,1.258466
primary,gkf,5,25,mlp_physics9,Ba3PI3,0.85728
primary,gkf,5,25,mlp_physics9,Ca3PBr3,1.802542
primary,gkf,5,25,mlp_physics9,Ca3PF3,2.463816
primary,gkf,5,25,mlp_physics9,Mg3PBr3,1.472997
primary,gkf,5,25,mlp_physics9,Sr3PCl3,1.694518
primary,gkf,5,25,mlp_physics9,Sr3SbCl3,1.550407
primary,gkf,5,26,mlp_physics9,Ca3AsF3,2.398461
primary,gkf,5,26,mlp_physics9,Ba3BiBr3,1.012468
primary,gkf,5,26,mlp_physics9,Ba3BiI3,0.885514
primary,gkf,5,26,mlp_physics9,Ba3PBr3,1.000043
primary,gkf,5,26,mlp_physics9,Ba3PCl3,1.107198
primary,gkf,5,26,mlp_physics9,Ba3SbBr3,0.965149
primary,gkf,5,26,mlp_physics9,Ba3SbCl3,1.020961
primary,gkf,5,26,mlp_physics9,Ca3SbBr3,1.644194
primary,gkf,5,27,mlp_physics9,Ba3AsBr3,0.885874
primary,gkf,5,27,mlp_physics9,Sr3AsI3,1.128342
primary,gkf,5,27,mlp_physics9,Mg3BiI3,0.110018
primary,gkf,5,27,mlp_physics9,Ca3PI3,1.283211
primary,gkf,5,27,mlp_physics9,Mg3PI3,0.608958
primary,gkf,5,27,mlp_physics9,Ca3SbCl3,1.86949
primary,gkf,5,27,mlp_physics9,Ca3SbF3,2.131046
primary,gkf,5,27,mlp_physics9,Mg3SbCl3,1.612648
primary,gkf,5,28,mlp_physics9,Ba3AsI3,0.733236
primary,gkf,5,28,mlp_physics9,Sr3AsCl3,1.506831
primary,gkf,5,28,mlp_physics9,Ba3BiCl3,1.113445
primary,gkf,5,28,mlp_physics9,Ca3PCl3,2.046895
primary,gkf,5,28,mlp_physics9,Mg3PCl3,2.050691
primary,gkf,5,28,mlp_physics9,Sr3PBr3,1.562212
primary,gkf,5,28,mlp_physics9,Mg3SbBr3,1.035248
primary,gkf,5,28,mlp_physics9,Mg3SbF3,3.095563
primary,gkf,5,29,mlp_physics9,Ba3AsCl3,0.99362
primary,gkf,5,29,mlp_physics9,Ca3BiI3,0.936664
primary,gkf,5,29,mlp_physics9,Mg3BiBr3,0.972701
primary,gkf,5,29,mlp_physics9,Sr3PI3,1.319538
primary,gkf,5,29,mlp_physics9,Ba3SbI3,0.828925
primary,gkf,5,29,mlp_physics9,Mg3SbI3,0.198565
primary,gkf,5,29,mlp_physics9,Sr3SbI3,1.097317
primary,gkf,6,30,mlp_physics9,Ca3AsF3,2.460778
primary,gkf,6,30,mlp_physics9,Ba3BiCl3,1.05368
primary,gkf,6,30,mlp_physics9,Ca3BiI3,1.13748
primary,gkf,6,30,mlp_physics9,Mg3BiI3,0.100171
primary,gkf,6,30,mlp_physics9,Ca3PCl3,2.039275
primary,gkf,6,30,mlp_physics9,Sr3PBr3,1.519917
primary,gkf,6,30,mlp_physics9,Ba3SbBr3,0.898002
primary,gkf,6,30,mlp_physics9,Mg3SbCl3,1.696927
primary,gkf,6,31,mlp_physics9,Ba3AsCl3,0.950977
primary,gkf,6,31,mlp_physics9,Ca3AsBr3,1.740818
primary,gkf,6,31,mlp_physics9,Sr3AsI3,1.162334
primary,gkf,6,31,mlp_physics9,Mg3BiBr3,1.023285
primary,gkf,6,31,mlp_physics9,Ca3PF3,2.434862
primary,gkf,6,31,mlp_physics9,Ba3SbI3,0.768752
primary,gkf,6,31,mlp_physics9,Ca3SbCl3,1.88902
primary,gkf,6,31,mlp_physics9,Sr3SbI3,1.134039
primary,gkf,6,32,mlp_physics9,Ba3AsBr3,0.905718
primary,gkf,6,32,mlp_physics9,Mg3AsBr3,1.242281
primary,gkf,6,32,mlp_physics9,Ba3PBr3,0.975534
primary,gkf,6,32,mlp_physics9,Ba3PCl3,1.229646
primary,gkf,6,32,mlp_physics9,Sr3PCl3,1.782623
primary,gkf,6,32,mlp_physics9,Sr3PI3,1.284086
primary,gkf,6,32,mlp_physics9,Ca3SbF3,2.370354
primary,gkf,6,32,mlp_physics9,Mg3SbF3,2.900423
primary,gkf,6,33,mlp_physics9,Ba3AsI3,0.841957
primary,gkf,6,33,mlp_physics9,Ba3BiBr3,1.019802
primary,gkf,6,33,mlp_physics9,Ca3PI3,1.318322
primary,gkf,6,33,mlp_physics9,Mg3PBr3,1.47079
primary,gkf,6,33,mlp_physics9,Mg3PCl3,1.902434
primary,gkf,6,33,mlp_physics9,Mg3PI3,0.866681
primary,gkf,6,33,mlp_physics9,Ca3SbBr3,1.528731
primary,gkf,6,33,mlp_physics9,Mg3SbI3,0.454395
primary,gkf,6,34,mlp_physics9,Sr3AsCl3,1.514207
primary,gkf,6,34,mlp_physics9,Ba3BiI3,0.913627
primary,gkf,6,34,mlp_physics9,Ba3PI3,0.878924
primary,gkf,6,34,mlp_physics9,Ca3PBr3,1.844786
primary,gkf,6,34,mlp_physics9,Ba3SbCl3,0.958286
primary,gkf,6,34,mlp_physics9,Mg3SbBr3,1.065498
primary,gkf,6,34,mlp_physics9,Sr3SbCl3,1.481088
primary,gkf,7,35,mlp_physics9,Ca3AsBr3,1.839569
primary,gkf,7,35,mlp_physics9,Ca3AsF3,2.489817
primary,gkf,7,35,mlp_physics9,Sr3AsI3,1.189385
primary,gkf,7,35,mlp_physics9,Ca3BiI3,1.202098
primary,gkf,7,35,mlp_physics9,Ba3PBr3,0.972972
primary,gkf,7,35,mlp_physics9,Sr3PI3,1.251159
primary,gkf,7,35,mlp_physics9,Ba3SbBr3,0.900468
primary,gkf,7,35,mlp_physics9,Ca3SbCl3,1.863728
primary,gkf,7,36,mlp_physics9,Sr3AsCl3,1.507068
primary,gkf,7,36,mlp_physics9,Ba3BiBr3,1.152659
primary,gkf,7,36,mlp_physics9,Ba3BiI3,1.033111
primary,gkf,7,36,mlp_physics9,Mg3BiBr3,1.105234
primary,gkf,7,36,mlp_physics9,Mg3BiI3,0.160676
primary,gkf,7,36,mlp_physics9,Ca3PF3,2.433561
primary,gkf,7,36,mlp_physics9,Sr3PBr3,1.521786
primary,gkf,7,36,mlp_physics9,Mg3SbBr3,1.064454
primary,gkf,7,37,mlp_physics9,Ba3PCl3,1.155463
primary,gkf,7,37,mlp_physics9,Ca3PCl3,2.028501
primary,gkf,7,37,mlp_physics9,Mg3PI3,0.591982
primary,gkf,7,37,mlp_physics9,Sr3PCl3,1.80738
primary,gkf,7,37,mlp_physics9,Ba3SbCl3,1.037442
primary,gkf,7,37,mlp_physics9,Ca3SbBr3,1.597742
primary,gkf,7,37,mlp_physics9,Ca3SbF3,2.214798
primary,gkf,7,37,mlp_physics9,Mg3SbF3,2.760154
primary,gkf,7,38,mlp_physics9,Ba3AsI3,0.840752
primary,gkf,7,38,mlp_physics9,Mg3AsBr3,1.264586
primary,gkf,7,38,mlp_physics9,Ba3PI3,0.917257
primary,gkf,7,38,mlp_physics9,Ca3PI3,1.219324
primary,gkf,7,38,mlp_physics9,Mg3PCl3,1.984669
primary,gkf,7,38,mlp_physics9,Mg3SbCl3,1.559233
primary,gkf,7,38,mlp_physics9,Sr3SbCl3,1.44859
primary,gkf,7,38,mlp_physics9,Sr3SbI3,1.149815
primary,gkf,7,39,mlp_physics9,Ba3AsBr3,0.863133
primary,gkf,7,39,mlp_physics9,Ba3AsCl3,0.970963
primary,gkf,7,39,mlp_physics9,Ba3BiCl3,1.088235
primary,gkf,7,39,mlp_physics9,Ca3PBr3,1.851848
primary,gkf,7,39,mlp_physics9,Mg3PBr3,1.471236
primary,gkf,7,39,mlp_physics9,Ba3SbI3,0.818939
primary,gkf,7,39,mlp_physics9,Mg3SbI3,0.181145
primary,gkf,8,40,mlp_physics9,Ca3BiI3,1.157495
primary,gkf,8,40,mlp_physics9,Ba3PI3,0.864417
primary,gkf,8,40,mlp_physics9,Mg3PBr3,1.675694
primary,gkf,8,40,mlp_physics9,Mg3PI3,0.873789
primary,gkf,8,40,mlp_physics9,Sr3PBr3,1.545774
primary,gkf,8,40,mlp_physics9,Ba3SbBr3,0.8984
primary,gkf,8,40,mlp_physics9,Ca3SbF3,2.353829
primary,gkf,8,40,mlp_physics9,Sr3SbCl3,1.544791
primary,gkf,8,41,mlp_physics9,Ba3AsCl3,1.072479
primary,gkf,8,41,mlp_physics9,Mg3AsBr3,1.295803
primary,gkf,8,41,mlp_physics9,Ba3BiCl3,1.172767
primary,gkf,8,41,mlp_physics9,Mg3BiI3,0.245479
primary,gkf,8,41,mlp_physics9,Ca3PF3,2.403078
primary,gkf,8,41,mlp_physics9,Mg3PCl3,1.905838
primary,gkf,8,41,mlp_physics9,Ba3SbCl3,1.108052
primary,gkf,8,41,mlp_physics9,Mg3SbCl3,1.473359
primary,gkf,8,42,mlp_physics9,Ca3AsBr3,1.728064
primary,gkf,8,42,mlp_physics9,Sr3AsI3,1.06793
primary,gkf,8,42,mlp_physics9,Ba3BiI3,1.144457
primary,gkf,8,42,mlp_physics9,Ca3PI3,1.154632
primary,gkf,8,42,mlp_physics9,Ba3SbI3,1.088925
primary,gkf,8,42,mlp_physics9,Mg3SbBr3,1.085219
primary,gkf,8,42,mlp_physics9,Mg3SbF3,3.328104
primary,gkf,8,42,mlp_physics9,Mg3SbI3,0.162432
primary,gkf,8,43,mlp_physics9,Ba3AsBr3,0.975176
primary,gkf,8,43,mlp_physics9,Ba3AsI3,0.794471
primary,gkf,8,43,mlp_physics9,Mg3BiBr3,1.067223
primary,gkf,8,43,mlp_physics9,Ba3PBr3,1.108219
primary,gkf,8,43,mlp_physics9,Ba3PCl3,1.168975
primary,gkf,8,43,mlp_physics9,Ca3PCl3,2.035751
primary,gkf,8,43,mlp_physics9,Ca3SbBr3,1.611144
primary,gkf,8,43,mlp_physics9,Sr3SbI3,1.091486
primary,gkf,8,44,mlp_physics9,Ca3AsF3,2.364639
primary,gkf,8,44,mlp_physics9,Sr3AsCl3,1.526803
primary,gkf,8,44,mlp_physics9,Ba3BiBr3,1.058689
primary,gkf,8,44,mlp_physics9,Ca3PBr3,1.810731
primary,gkf,8,44,mlp_physics9,Sr3PCl3,1.676665
primary,gkf,8,44,mlp_physics9,Sr3PI3,1.264838
primary,gkf,8,44,mlp_physics9,Ca3SbCl3,1.863472
primary,gkf,9,45,mlp_physics9,Ca3AsBr3,1.783448
primary,gkf,9,45,mlp_physics9,Ba3BiBr3,1.133895
primary,gkf,9,45,mlp_physics9,Ba3BiCl3,1.13561
primary,gkf,9,45,mlp_physics9,Ba3PBr3,0.981429
primary,gkf,9,45,mlp_physics9,Ba3PI3,0.852992
primary,gkf,9,45,mlp_physics9,Mg3PI3,0.676983
primary,gkf,9,45,mlp_physics9,Ba3SbI3,0.747814
primary,gkf,9,45,mlp_physics9,Sr3SbI3,1.148865
primary,gkf,9,46,mlp_physics9,Ca3PBr3,1.650746
primary,gkf,9,46,mlp_physics9,Ca3PCl3,1.943095
primary,gkf,9,46,mlp_physics9,Ca3PI3,1.16341
primary,gkf,9,46,mlp_physics9,Mg3PCl3,1.811062
primary,gkf,9,46,mlp_physics9,Sr3PCl3,1.705019
primary,gkf,9,46,mlp_physics9,Ba3SbCl3,1.013764
primary,gkf,9,46,mlp_physics9,Mg3SbCl3,1.543361
primary,gkf,9,46,mlp_physics9,Mg3SbI3,0.263549
primary,gkf,9,47,mlp_physics9,Ba3AsCl3,1.045023
primary,gkf,9,47,mlp_physics9,Ca3AsF3,2.497731
primary,gkf,9,47,mlp_physics9,Ca3BiI3,1.214521
primary,gkf,9,47,mlp_physics9,Mg3BiI3,0.116321
primary,gkf,9,47,mlp_physics9,Ba3PCl3,1.159786
primary,gkf,9,47,mlp_physics9,Mg3PBr3,1.48691
primary,gkf,9,47,mlp_physics9,Ba3SbBr3,0.873619
primary,gkf,9,47,mlp_physics9,Ca3SbF3,2.484478
primary,gkf,9,48,mlp_physics9,Ba3AsBr3,0.913427
primary,gkf,9,48,mlp_physics9,Ba3AsI3,0.780869
primary,gkf,9,48,mlp_physics9,Mg3AsBr3,1.376361
primary,gkf,9,48,mlp_physics9,Sr3AsI3,1.143168
primary,gkf,9,48,mlp_physics9,Ca3PF3,2.484166
primary,gkf,9,48,mlp_physics9,Ca3SbBr3,1.456188
primary,gkf,9,48,mlp_physics9,Ca3SbCl3,1.585288
primary,gkf,9,48,mlp_physics9,Sr3SbCl3,1.330285
primary,gkf,9,49,mlp_physics9,Sr3AsCl3,1.481376
primary,gkf,9,49,mlp_physics9,Ba3BiI3,1.045454
primary,gkf,9,49,mlp_physics9,Mg3BiBr3,1.108778
primary,gkf,9,49,mlp_physics9,Sr3PBr3,1.532628
primary,gkf,9,49,mlp_physics9,Sr3PI3,1.289065
primary,gkf,9,49,mlp_physics9,Mg3SbBr3,1.057664
primary,gkf,9,49,mlp_physics9,Mg3SbF3,3.42531
primary,loo,0,0,mlp_physics9,Ba3AsBr3,0.922107
primary,loo,0,1,mlp_physics9,Ba3AsCl3,0.935533
primary,loo,0,2,mlp_physics9,Ba3AsI3,0.807144
primary,loo,0,3,mlp_physics9,Ba3BiBr3,0.981744
primary,loo,0,4,mlp_physics9,Ba3BiCl3,1.117764
primary,loo,0,5,mlp_physics9,Ba3BiI3,0.908265
primary,loo,0,6,mlp_physics9,Ba3PBr3,0.98119
primary,loo,0,7,mlp_physics9,Ba3PCl3,1.146302
primary,loo,0,8,mlp_physics9,Ba3PI3,0.85991
primary,loo,0,9,mlp_physics9,Ba3SbBr3,0.905727
primary,loo,0,10,mlp_physics9,Ba3SbCl3,1.009561
primary,loo,0,11,mlp_physics9,Ba3SbI3,0.852616
primary,loo,0,12,mlp_physics9,Ca3AsBr3,1.670538
primary,loo,0,13,mlp_physics9,Ca3AsF3,2.443246
primary,loo,0,14,mlp_physics9,Ca3BiI3,1.174531
primary,loo,0,15,mlp_physics9,Ca3PBr3,1.793232
primary,loo,0,16,mlp_physics9,Ca3PCl3,1.966329
primary,loo,0,17,mlp_physics9,Ca3PF3,2.414021
primary,loo,0,18,mlp_physics9,Ca3PI3,1.246959
primary,loo,0,19,mlp_physics9,Ca3SbBr3,1.536496
primary,loo,0,20,mlp_physics9,Ca3SbCl3,1.790531
primary,loo,0,21,mlp_physics9,Ca3SbF3,2.270168
primary,loo,0,22,mlp_physics9,Mg3AsBr3,1.310416
primary,loo,0,23,mlp_physics9,Mg3BiBr3,1.049989
primary,loo,0,24,mlp_physics9,Mg3BiI3,0.114482
primary,loo,0,25,mlp_physics9,Mg3PBr3,1.435117
primary,loo,0,26,mlp_physics9,Mg3PCl3,2.065728
primary,loo,0,27,mlp_physics9,Mg3PI3,0.685205
primary,loo,0,28,mlp_physics9,Mg3SbBr3,0.97862
primary,loo,0,29,mlp_physics9,Mg3SbCl3,1.603852
primary,loo,0,30,mlp_physics9,Mg3SbF3,2.712357
primary,loo,0,31,mlp_physics9,Mg3SbI3,0.138735
primary,loo,0,32,mlp_physics9,Sr3AsCl3,1.500804
primary,loo,0,33,mlp_physics9,Sr3AsI3,1.146719
primary,loo,0,34,mlp_physics9,Sr3PBr3,1.547217
primary,loo,0,35,mlp_physics9,Sr3PCl3,1.712621
primary,loo,0,36,mlp_physics9,Sr3PI3,1.216455
primary,loo,0,37,mlp_physics9,Sr3SbCl3,1.461421
primary,loo,0,38,mlp_physics9,Sr3SbI3,1.262741
primary,lobo,0,0,mlp_magpie,Ba3AsBr3,1.121694
primary,lobo,0,0,mlp_magpie,Ba3AsCl3,1.19414
primary,lobo,0,0,mlp_magpie,Ba3AsI3,0.912281
primary,lobo,0,0,mlp_magpie,Ca3AsBr3,1.710412
primary,lobo,0,0,mlp_magpie,Ca3AsF3,2.504389
primary,lobo,0,0,mlp_magpie,Mg3AsBr3,1.47799
primary,lobo,0,0,mlp_magpie,Sr3AsCl3,1.663892
primary,lobo,0,0,mlp_magpie,Sr3AsI3,1.243596
primary,lobo,0,1,mlp_magpie,Ba3BiBr3,0.651857
primary,lobo,0,1,mlp_magpie,Ba3BiCl3,0.725326
primary,lobo,0,1,mlp_magpie,Ba3BiI3,0.61387
primary,lobo,0,1,mlp_magpie,Ca3BiI3,0.796995
primary,lobo,0,1,mlp_magpie,Mg3BiBr3,0.48247
primary,lobo,0,1,mlp_magpie,Mg3BiI3,-0.32215
primary,lobo,0,2,mlp_magpie,Ba3PBr3,1.060158
primary,lobo,0,2,mlp_magpie,Ba3PCl3,1.304071
primary,lobo,0,2,mlp_magpie,Ba3PI3,0.976322
primary,lobo,0,2,mlp_magpie,Ca3PBr3,1.667295
primary,lobo,0,2,mlp_magpie,Ca3PCl3,2.113917
primary,lobo,0,2,mlp_magpie,Ca3PF3,2.595702
primary,lobo,0,2,mlp_magpie,Ca3PI3,1.451442
primary,lobo,0,2,mlp_magpie,Mg3PBr3,1.538337
primary,lobo,0,2,mlp_magpie,Mg3PCl3,2.389758
primary,lobo,0,2,mlp_magpie,Mg3PI3,0.693062
primary,lobo,0,2,mlp_magpie,Sr3PBr3,1.478272
primary,lobo,0,2,mlp_magpie,Sr3PCl3,1.831885
primary,lobo,0,2,mlp_magpie,Sr3PI3,1.293348
primary,lobo,0,3,mlp_magpie,Ba3SbBr3,0.920659
primary,lobo,0,3,mlp_magpie,Ba3SbCl3,0.93421
primary,lobo,0,3,mlp_magpie,Ba3SbI3,0.837926
primary,lobo,0,3,mlp_magpie,Ca3SbBr3,1.52161
primary,lobo,0,3,mlp_magpie,Ca3SbCl3,1.698185
primary,lobo,0,3,mlp_magpie,Ca3SbF3,2.139486
primary,lobo,0,3,mlp_magpie,Mg3SbBr3,1.006202
primary,lobo,0,3,mlp_magpie,Mg3SbCl3,1.494761
primary,lobo,0,3,mlp_magpie,Mg3SbF3,1.979891
primary,lobo,0,3,mlp_magpie,Mg3SbI3,0.345971
primary,lobo,0,3,mlp_magpie,Sr3SbCl3,1.43246
primary,lobo,0,3,mlp_magpie,Sr3SbI3,1.231185
primary,loao,0,0,mlp_magpie,Ba3AsBr3,1.380425
primary,loao,0,0,mlp_magpie,Ba3AsCl3,1.611034
primary,loao,0,0,mlp_magpie,Ba3AsI3,1.153801
primary,loao,0,0,mlp_magpie,Ba3BiBr3,1.260453
primary,loao,0,0,mlp_magpie,Ba3BiCl3,1.41365
primary,loao,0,0,mlp_magpie,Ba3BiI3,1.142906
primary,loao,0,0,mlp_magpie,Ba3PBr3,1.324863
primary,loao,0,0,mlp_magpie,Ba3PCl3,1.659416
primary,loao,0,0,mlp_magpie,Ba3PI3,1.142162
primary,loao,0,0,mlp_magpie,Ba3SbBr3,1.331711
primary,loao,0,0,mlp_magpie,Ba3SbCl3,1.530546
primary,loao,0,0,mlp_magpie,Ba3SbI3,1.190485
primary,loao,0,1,mlp_magpie,Ca3AsBr3,1.910898
primary,loao,0,1,mlp_magpie,Ca3AsF3,3.282162
primary,loao,0,1,mlp_magpie,Ca3BiI3,0.993473
primary,loao,0,1,mlp_magpie,Ca3PBr3,1.96798
primary,loao,0,1,mlp_magpie,Ca3PCl3,2.318625
primary,loao,0,1,mlp_magpie,Ca3PF3,3.236205
primary,loao,0,1,mlp_magpie,Ca3PI3,1.306509
primary,loao,0,1,mlp_magpie,Ca3SbBr3,1.643719
primary,loao,0,1,mlp_magpie,Ca3SbCl3,1.991664
primary,loao,0,1,mlp_magpie,Ca3SbF3,3.001626
primary,loao,0,2,mlp_magpie,Mg3AsBr3,-2.517211
primary,loao,0,2,mlp_magpie,Mg3BiBr3,-2.827569
primary,loao,0,2,mlp_magpie,Mg3BiI3,-2.998297
primary,loao,0,2,mlp_magpie,Mg3PBr3,-2.588217
primary,loao,0,2,mlp_magpie,Mg3PCl3,-2.316159
primary,loao,0,2,mlp_magpie,Mg3PI3,-2.879063
primary,loao,0,2,mlp_magpie,Mg3SbBr3,-2.701881
primary,loao,0,2,mlp_magpie,Mg3SbCl3,-2.592773
primary,loao,0,2,mlp_magpie,Mg3SbF3,-2.488618
primary,loao,0,2,mlp_magpie,Mg3SbI3,-2.886397
primary,loao,0,3,mlp_magpie,Sr3AsCl3,1.372278
primary,loao,0,3,mlp_magpie,Sr3AsI3,1.113445
primary,loao,0,3,mlp_magpie,Sr3PBr3,1.340367
primary,loao,0,3,mlp_magpie,Sr3PCl3,1.299975
primary,loao,0,3,mlp_magpie,Sr3PI3,1.199133
primary,loao,0,3,mlp_magpie,Sr3SbCl3,1.262277
primary,loao,0,3,mlp_magpie,Sr3SbI3,1.159654
primary,gkf,0,0,mlp_magpie,Ca3AsF3,2.296501
primary,gkf,0,0,mlp_magpie,Sr3AsI3,1.093832
primary,gkf,0,0,mlp_magpie,Ba3BiCl3,0.945963
primary,gkf,0,0,mlp_magpie,Ba3PBr3,0.968589
primary,gkf,0,0,mlp_magpie,Mg3PCl3,2.002182
primary,gkf,0,0,mlp_magpie,Mg3PI3,0.561161
primary,gkf,0,0,mlp_magpie,Sr3PI3,1.243348
primary,gkf,0,0,mlp_magpie,Mg3SbF3,1.965477
primary,gkf,0,1,mlp_magpie,Ca3AsBr3,1.640208
primary,gkf,0,1,mlp_magpie,Mg3BiI3,0.184497
primary,gkf,0,1,mlp_magpie,Ba3PI3,0.804009
primary,gkf,0,1,mlp_magpie,Ca3PBr3,1.711964
primary,gkf,0,1,mlp_magpie,Ca3PCl3,2.201499
primary,gkf,0,1,mlp_magpie,Ca3PF3,2.647941
primary,gkf,0,1,mlp_magpie,Ba3SbBr3,0.902913
primary,gkf,0,1,mlp_magpie,Ca3SbBr3,1.5049
primary,gkf,0,2,mlp_magpie,Ba3AsBr3,1.101898
primary,gkf,0,2,mlp_magpie,Ba3AsCl3,1.170291
primary,gkf,0,2,mlp_magpie,Sr3AsCl3,1.549633
primary,gkf,0,2,mlp_magpie,Ba3BiI3,0.992657
primary,gkf,0,2,mlp_magpie,Mg3PBr3,1.555853
primary,gkf,0,2,mlp_magpie,Ba3SbI3,0.974335
primary,gkf,0,2,mlp_magpie,Ca3SbF3,2.293568
primary,gkf,0,2,mlp_magpie,Sr3SbCl3,1.476077
primary,gkf,0,3,mlp_magpie,Ba3AsI3,0.887242
primary,gkf,0,3,mlp_magpie,Ba3BiBr3,0.871
primary,gkf,0,3,mlp_magpie,Mg3BiBr3,0.591339
primary,gkf,0,3,mlp_magpie,Sr3PBr3,1.351226
primary,gkf,0,3,mlp_magpie,Sr3PCl3,1.640953
primary,gkf,0,3,mlp_magpie,Ba3SbCl3,1.062335
primary,gkf,0,3,mlp_magpie,Mg3SbCl3,2.018694
primary,gkf,0,3,mlp_magpie,Mg3SbI3,0.380347
primary,gkf,0,4,mlp_magpie,Mg3AsBr3,1.360809
primary,gkf,0,4,mlp_magpie,Ca3BiI3,1.074028
primary,gkf,0,4,mlp_magpie,Ba3PCl3,1.150272
primary,gkf,0,4,mlp_magpie,Ca3PI3,1.356453
primary,gkf,0,4,mlp_magpie,Ca3SbCl3,1.86888
primary,gkf,0,4,mlp_magpie,Mg3SbBr3,1.036369
primary,gkf,0,4,mlp_magpie,Sr3SbI3,1.214811
primary,gkf,1,5,mlp_magpie,Ba3AsBr3,1.091699
primary,gkf,1,5,mlp_magpie,Ca3AsBr3,1.787571
primary,gkf,1,5,mlp_magpie,Ba3BiCl3,0.807444
primary,gkf,1,5,mlp_magpie,Mg3BiBr3,0.94932
primary,gkf,1,5,mlp_magpie,Mg3PI3,0.806552
primary,gkf,1,5,mlp_magpie,Ba3SbCl3,1.052447
primary,gkf,1,5,mlp_magpie,Mg3SbBr3,1.118241
primary,gkf,1,5,mlp_magpie,Mg3SbCl3,1.850982
primary,gkf,1,6,mlp_magpie,Mg3AsBr3,1.366765
primary,gkf,1,6,mlp_magpie,Ba3BiI3,0.850078
primary,gkf,1,6,mlp_magpie,Ca3PBr3,1.609587
primary,gkf,1,6,mlp_magpie,Ca3PI3,1.419275
primary,gkf,1,6,mlp_magpie,Mg3PCl3,2.18859
primary,gkf,1,6,mlp_magpie,Ba3SbBr3,0.923273
primary,gkf,1,6,mlp_magpie,Ca3SbF3,2.408299
primary,gkf,1,6,mlp_magpie,Mg3SbI3,0.384564
primary,gkf,1,7,mlp_magpie,Ba3AsI3,0.819536
primary,gkf,1,7,mlp_magpie,Sr3AsCl3,1.574717
primary,gkf,1,7,mlp_magpie,Sr3AsI3,1.137512
primary,gkf,1,7,mlp_magpie,Ba3PCl3,1.333612
primary,gkf,1,7,mlp_magpie,Ca3PCl3,2.121963
primary,gkf,1,7,mlp_magpie,Sr3PBr3,1.408024
primary,gkf,1,7,mlp_magpie,Ba3SbI3,0.872296
primary,gkf,1,7,mlp_magpie,Sr3SbI3,1.207008
primary,gkf,1,8,mlp_magpie,Ba3AsCl3,1.089468
primary,gkf,1,8,mlp_magpie,Ca3BiI3,1.105092
primary,gkf,1,8,mlp_magpie,Mg3PBr3,1.457772
primary,gkf,1,8,mlp_magpie,Sr3PCl3,1.671371
primary,gkf,1,8,mlp_magpie,Sr3PI3,1.278158
primary,gkf,1,8,mlp_magpie,Ca3SbBr3,1.546187
primary,gkf,1,8,mlp_magpie,Mg3SbF3,2.161991
primary,gkf,1,8,mlp_magpie,Sr3SbCl3,1.524824
primary,gkf,1,9,mlp_magpie,Ca3AsF3,2.501732
primary,gkf,1,9,mlp_magpie,Ba3BiBr3,1.016828
primary,gkf,1,9,mlp_magpie,Mg3BiI3,0.255477
primary,gkf,1,9,mlp_magpie,Ba3PBr3,1.012546
primary,gkf,1,9,mlp_magpie,Ba3PI3,0.893667
primary,gkf,1,9,mlp_magpie,Ca3PF3,2.580756
primary,gkf,1,9,mlp_magpie,Ca3SbCl3,1.7351
primary,gkf,2,10,mlp_magpie,Ba3AsCl3,1.253814
primary,gkf,2,10,mlp_magpie,Ba3BiBr3,1.028781
primary,gkf,2,10,mlp_magpie,Ba3BiCl3,1.177049
primary,gkf,2,10,mlp_magpie,Ba3BiI3,0.905965
primary,gkf,2,10,mlp_magpie,Ca3PCl3,2.0031
primary,gkf,2,10,mlp_magpie,Mg3PCl3,2.195091
primary,gkf,2,10,mlp_magpie,Ba3SbBr3,0.984484
primary,gkf,2,10,mlp_magpie,Ba3SbCl3,1.184784
primary,gkf,2,11,mlp_magpie,Ba3AsI3,0.923173
primary,gkf,2,11,mlp_magpie,Sr3AsCl3,1.708604
primary,gkf,2,11,mlp_magpie,Sr3AsI3,1.202633
primary,gkf,2,11,mlp_magpie,Ca3PI3,1.319444
primary,gkf,2,11,mlp_magpie,Sr3PI3,1.216815
primary,gkf,2,11,mlp_magpie,Ba3SbI3,1.022346
primary,gkf,2,11,mlp_magpie,Ca3SbBr3,1.552805
primary,gkf,2,11,mlp_magpie,Mg3SbBr3,0.9271
primary,gkf,2,12,mlp_magpie,Ba3AsBr3,1.050029
primary,gkf,2,12,mlp_magpie,Mg3BiBr3,0.615903
primary,gkf,2,12,mlp_magpie,Ba3PBr3,1.048852
primary,gkf,2,12,mlp_magpie,Ba3PI3,0.916296
primary,gkf,2,12,mlp_magpie,Mg3PBr3,1.322901
primary,gkf,2,12,mlp_magpie,Ca3SbF3,2.36374
primary,gkf,2,12,mlp_magpie,Mg3SbI3,0.384573
primary,gkf,2,12,mlp_magpie,Sr3SbI3,1.160032
primary,gkf,2,13,mlp_magpie,Ca3AsBr3,1.7116
primary,gkf,2,13,mlp_magpie,Mg3BiI3,0.2804
primary,gkf,2,13,mlp_magpie,Ca3PBr3,1.676306
primary,gkf,2,13,mlp_magpie,Ca3PF3,2.429099
primary,gkf,2,13,mlp_magpie,Mg3PI3,0.573182
primary,gkf,2,13,mlp_magpie,Sr3PBr3,1.389611
primary,gkf,2,13,mlp_magpie,Ca3SbCl3,1.939256
primary,gkf,2,13,mlp_magpie,Mg3SbCl3,1.936315
primary,gkf,2,14,mlp_magpie,Ca3AsF3,2.303008
primary,gkf,2,14,mlp_magpie,Mg3AsBr3,1.471406
primary,gkf,2,14,mlp_magpie,Ca3BiI3,1.122315
primary,gkf,2,14,mlp_magpie,Ba3PCl3,1.169534
primary,gkf,2,14,mlp_magpie,Sr3PCl3,1.738674
primary,gkf,2,14,mlp_magpie,Mg3SbF3,2.128553
primary,gkf,2,14,mlp_magpie,Sr3SbCl3,1.49693
primary,gkf,3,15,mlp_magpie,Ba3AsCl3,1.141234
primary,gkf,3,15,mlp_magpie,Ba3BiBr3,1.033131
primary,gkf,3,15,mlp_magpie,Ba3BiI3,0.978058
primary,gkf,3,15,mlp_magpie,Mg3BiI3,0.442162
primary,gkf,3,15,mlp_magpie,Ca3PF3,2.4361
primary,gkf,3,15,mlp_magpie,Ca3PI3,1.360432
primary,gkf,3,15,mlp_magpie,Mg3PBr3,1.423148
primary,gkf,3,15,mlp_magpie,Mg3SbI3,0.300996
primary,gkf,3,16,mlp_magpie,Ca3AsBr3,1.589368
primary,gkf,3,16,mlp_magpie,Ca3PCl3,2.152675
primary,gkf,3,16,mlp_magpie,Sr3PCl3,1.698973
primary,gkf,3,16,mlp_magpie,Sr3PI3,1.232604
primary,gkf,3,16,mlp_magpie,Ba3SbBr3,0.991398
primary,gkf,3,16,mlp_magpie,Ba3SbCl3,1.080738
primary,gkf,3,16,mlp_magpie,Ca3SbBr3,1.475097
primary,gkf,3,16,mlp_magpie,Mg3SbBr3,1.050175
primary,gkf,3,17,mlp_magpie,Ba3AsBr3,1.023454
primary,gkf,3,17,mlp_magpie,Ca3AsF3,2.622378
primary,gkf,3,17,mlp_magpie,Ca3BiI3,1.189777
primary,gkf,3,17,mlp_magpie,Mg3PCl3,2.053832
primary,gkf,3,17,mlp_magpie,Ca3SbCl3,2.016404
primary,gkf,3,17,mlp_magpie,Ca3SbF3,2.637758
primary,gkf,3,17,mlp_magpie,Mg3SbCl3,1.956565
primary,gkf,3,17,mlp_magpie,Sr3SbCl3,1.578085
primary,gkf,3,18,mlp_magpie,Ba3AsI3,0.816475
primary,gkf,3,18,mlp_magpie,Mg3AsBr3,1.476583
primary,gkf,3,18,mlp_magpie,Sr3AsI3,1.188886
primary,gkf,3,18,mlp_magpie,Ba3BiCl3,1.013757
primary,gkf,3,18,mlp_magpie,Mg3BiBr3,0.848426
primary,gkf,3,18,mlp_magpie,Ca3PBr3,1.64602
primary,gkf,3,18,mlp_magpie,Sr3PBr3,1.379829
primary,gkf,3,18,mlp_magpie,Mg3SbF3,2.136835
primary,gkf,3,19,mlp_magpie,Sr3AsCl3,1.614684
primary,gkf,3,19,mlp_magpie,Ba3PBr3,1.142018
primary,gkf,3,19,mlp_magpie,Ba3PCl3,1.416633
primary,gkf,3,19,mlp_magpie,Ba3PI3,1.072011
primary,gkf,3,19,mlp_magpie,Mg3PI3,0.731049
primary,gkf,3,19,mlp_magpie,Ba3SbI3,0.945051
primary,gkf,3,19,mlp_magpie,Sr3SbI3,1.245506
primary,gkf,4,20,mlp_magpie,Ca3AsF3,2.312009
primary,gkf,4,20,mlp_magpie,Sr3AsI3,1.108323
primary,gkf,4,20,mlp_magpie,Ba3BiCl3,0.951477
primary,gkf,4,20,mlp_magpie,Mg3BiBr3,0.795168
primary,gkf,4,20,mlp_magpie,Ba3PCl3,1.274842
primary,gkf,4,20,mlp_magpie,Ca3PBr3,1.620255
primary,gkf,4,20,mlp_magpie,Sr3PI3,1.174466
primary,gkf,4,20,mlp_magpie,Sr3SbI3,1.158131
primary,gkf,4,21,mlp_magpie,Ba3AsI3,0.877801
primary,gkf,4,21,mlp_magpie,Ba3BiBr3,0.958643
primary,gkf,4,21,mlp_magpie,Ba3PI3,0.925278
primary,gkf,4,21,mlp_magpie,Ca3PCl3,2.292184
primary,gkf,4,21,mlp_magpie,Ca3PF3,2.441331
primary,gkf,4,21,mlp_magpie,Mg3PBr3,1.37207
primary,gkf,4,21,mlp_magpie,Mg3SbF3,2.064298
primary,gkf,4,21,mlp_magpie,Sr3SbCl3,1.430596
primary,gkf,4,22,mlp_magpie,Ba3AsBr3,1.061901
primary,gkf,4,22,mlp_magpie,Sr3AsCl3,1.675556
primary,gkf,4,22,mlp_magpie,Ba3BiI3,1.029676
primary,gkf,4,22,mlp_magpie,Ba3SbCl3,1.012349
primary,gkf,4,22,mlp_magpie,Ba3SbI3,1.057872
primary,gkf,4,22,mlp_magpie,Ca3SbBr3,1.581878
primary,gkf,4,22,mlp_magpie,Ca3SbCl3,1.866155
primary,gkf,4,22,mlp_magpie,Mg3SbCl3,1.849284
primary,gkf,4,23,mlp_magpie,Ba3AsCl3,1.129122
primary,gkf,4,23,mlp_magpie,Mg3BiI3,0.344546
primary,gkf,4,23,mlp_magpie,Ca3PI3,1.469893
primary,gkf,4,23,mlp_magpie,Mg3PCl3,2.188984
primary,gkf,4,23,mlp_magpie,Mg3PI3,0.589105
primary,gkf,4,23,mlp_magpie,Sr3PBr3,1.494339
primary,gkf,4,23,mlp_magpie,Ba3SbBr3,0.891515
primary,gkf,4,23,mlp_magpie,Ca3SbF3,2.271379
primary,gkf,4,24,mlp_magpie,Ca3AsBr3,1.793644
primary,gkf,4,24,mlp_magpie,Mg3AsBr3,1.446128
primary,gkf,4,24,mlp_magpie,Ca3BiI3,1.052704
primary,gkf,4,24,mlp_magpie,Ba3PBr3,0.986871
primary,gkf,4,24,mlp_magpie,Sr3PCl3,1.709986
primary,gkf,4,24,mlp_magpie,Mg3SbBr3,1.135267
primary,gkf,4,24,mlp_magpie,Mg3SbI3,0.402863
primary,gkf,5,25,mlp_magpie,Ca3AsBr3,1.82407
primary,gkf,5,25,mlp_magpie,Mg3AsBr3,1.373886
primary,gkf,5,25,mlp_magpie,Ba3PI3,0.934681
primary,gkf,5,25,mlp_magpie,Ca3PBr3,1.796482
primary,gkf,5,25,mlp_magpie,Ca3PF3,2.535366
primary,gkf,5,25,mlp_magpie,Mg3PBr3,1.465167
primary,gkf,5,25,mlp_magpie,Sr3PCl3,1.58458
primary,gkf,5,25,mlp_magpie,Sr3SbCl3,1.476426
primary,gkf,5,26,mlp_magpie,Ca3AsF3,2.316532
primary,gkf,5,26,mlp_magpie,Ba3BiBr3,0.981464
primary,gkf,5,26,mlp_magpie,Ba3BiI3,0.986211
primary,gkf,5,26,mlp_magpie,Ba3PBr3,0.890991
primary,gkf,5,26,mlp_magpie,Ba3PCl3,1.276483
primary,gkf,5,26,mlp_magpie,Ba3SbBr3,0.871134
primary,gkf,5,26,mlp_magpie,Ba3SbCl3,1.022516
primary,gkf,5,26,mlp_magpie,Ca3SbBr3,1.595189
primary,gkf,5,27,mlp_magpie,Ba3AsBr3,1.01899
primary,gkf,5,27,mlp_magpie,Sr3AsI3,1.102559
primary,gkf,5,27,mlp_magpie,Mg3BiI3,0.376313
primary,gkf,5,27,mlp_magpie,Ca3PI3,1.376488
primary,gkf,5,27,mlp_magpie,Mg3PI3,0.661533
primary,gkf,5,27,mlp_magpie,Ca3SbCl3,1.880153
primary,gkf,5,27,mlp_magpie,Ca3SbF3,2.441493
primary,gkf,5,27,mlp_magpie,Mg3SbCl3,1.92942
primary,gkf,5,28,mlp_magpie,Ba3AsI3,0.782241
primary,gkf,5,28,mlp_magpie,Sr3AsCl3,1.574984
primary,gkf,5,28,mlp_magpie,Ba3BiCl3,1.006345
primary,gkf,5,28,mlp_magpie,Ca3PCl3,2.234969
primary,gkf,5,28,mlp_magpie,Mg3PCl3,2.332864
primary,gkf,5,28,mlp_magpie,Sr3PBr3,1.451704
primary,gkf,5,28,mlp_magpie,Mg3SbBr3,0.930563
primary,gkf,5,28,mlp_magpie,Mg3SbF3,2.166
primary,gkf,5,29,mlp_magpie,Ba3AsCl3,1.158245
primary,gkf,5,29,mlp_magpie,Ca3BiI3,0.924856
primary,gkf,5,29,mlp_magpie,Mg3BiBr3,0.686106
primary,gkf,5,29,mlp_magpie,Sr3PI3,1.171379
primary,gkf,5,29,mlp_magpie,Ba3SbI3,0.999915
primary,gkf,5,29,mlp_magpie,Mg3SbI3,0.446583
primary,gkf,5,29,mlp_magpie,Sr3SbI3,1.278294
primary,gkf,6,30,mlp_magpie,Ca3AsF3,2.51495
primary,gkf,6,30,mlp_magpie,Ba3BiCl3,0.977509
primary,gkf,6,30,mlp_magpie,Ca3BiI3,1.098876
primary,gkf,6,30,mlp_magpie,Mg3BiI3,0.46915
primary,gkf,6,30,mlp_magpie,Ca3PCl3,2.144888
primary,gkf,6,30,mlp_magpie,Sr3PBr3,1.355774
primary,gkf,6,30,mlp_magpie,Ba3SbBr3,0.98872
primary,gkf,6,30,mlp_magpie,Mg3SbCl3,1.899763
primary,gkf,6,31,mlp_magpie,Ba3AsCl3,1.138981
primary,gkf,6,31,mlp_magpie,Ca3AsBr3,1.799974
primary,gkf,6,31,mlp_magpie,Sr3AsI3,1.172154
primary,gkf,6,31,mlp_magpie,Mg3BiBr3,1.120903
primary,gkf,6,31,mlp_magpie,Ca3PF3,2.40829
primary,gkf,6,31,mlp_magpie,Ba3SbI3,0.910296
primary,gkf,6,31,mlp_magpie,Ca3SbCl3,1.903701
primary,gkf,6,31,mlp_magpie,Sr3SbI3,1.243926
primary,gkf,6,32,mlp_magpie,Ba3AsBr3,1.02718
primary,gkf,6,32,mlp_magpie,Mg3AsBr3,1.327537
primary,gkf,6,32,mlp_magpie,Ba3PBr3,0.946264
primary,gkf,6,32,mlp_magpie,Ba3PCl3,1.176541
primary,gkf,6,32,mlp_magpie,Sr3PCl3,1.708206
primary,gkf,6,32,mlp_magpie,Sr3PI3,1.279811
primary,gkf,6,32,mlp_magpie,Ca3SbF3,2.205831
primary,gkf,6,32,mlp_magpie,Mg3SbF3,2.207807
primary,gkf,6,33,mlp_magpie,Ba3AsI3,0.953669
primary,gkf,6,33,mlp_magpie,Ba3BiBr3,0.928227
primary,gkf,6,33,mlp_magpie,Ca3PI3,1.38411
primary,gkf,6,33,mlp_magpie,Mg3PBr3,1.633843
primary,gkf,6,33,mlp_magpie,Mg3PCl3,2.280347
primary,gkf,6,33,mlp_magpie,Mg3PI3,0.873467
primary,gkf,6,33,mlp_magpie,Ca3SbBr3,1.42852
primary,gkf,6,33,mlp_magpie,Mg3SbI3,0.736712
primary,gkf,6,34,mlp_magpie,Sr3AsCl3,1.487873
primary,gkf,6,34,mlp_magpie,Ba3BiI3,1.015202
primary,gkf,6,34,mlp_magpie,Ba3PI3,0.888343
primary,gkf,6,34,mlp_magpie,Ca3PBr3,1.668037
primary,gkf,6,34,mlp_magpie,Ba3SbCl3,0.864215
primary,gkf,6,34,mlp_magpie,Mg3SbBr3,1.012746
primary,gkf,6,34,mlp_magpie,Sr3SbCl3,1.345648
primary,gkf,7,35,mlp_magpie,Ca3AsBr3,1.705521
primary,gkf,7,35,mlp_magpie,Ca3AsF3,2.491172
primary,gkf,7,35,mlp_magpie,Sr3AsI3,1.114913
primary,gkf,7,35,mlp_magpie,Ca3BiI3,1.05565
primary,gkf,7,35,mlp_magpie,Ba3PBr3,0.957855
primary,gkf,7,35,mlp_magpie,Sr3PI3,1.168574
primary,gkf,7,35,mlp_magpie,Ba3SbBr3,0.96476
primary,gkf,7,35,mlp_magpie,Ca3SbCl3,1.840941
primary,gkf,7,36,mlp_magpie,Sr3AsCl3,1.619241
primary,gkf,7,36,mlp_magpie,Ba3BiBr3,0.990231
primary,gkf,7,36,mlp_magpie,Ba3BiI3,0.923531
primary,gkf,7,36,mlp_magpie,Mg3BiBr3,1.113037
primary,gkf,7,36,mlp_magpie,Mg3BiI3,0.675511
primary,gkf,7,36,mlp_magpie,Ca3PF3,2.61851
primary,gkf,7,36,mlp_magpie,Sr3PBr3,1.402105
primary,gkf,7,36,mlp_magpie,Mg3SbBr3,1.075713
primary,gkf,7,37,mlp_magpie,Ba3PCl3,1.234855
primary,gkf,7,37,mlp_magpie,Ca3PCl3,2.254625
primary,gkf,7,37,mlp_magpie,Mg3PI3,0.551494
primary,gkf,7,37,mlp_magpie,Sr3PCl3,1.826865
primary,gkf,7,37,mlp_magpie,Ba3SbCl3,1.011795
primary,gkf,7,37,mlp_magpie,Ca3SbBr3,1.468756
primary,gkf,7,37,mlp_magpie,Ca3SbF3,2.10024
primary,gkf,7,37,mlp_magpie,Mg3SbF3,2.096673
primary,gkf,7,38,mlp_magpie,Ba3AsI3,0.853083
primary,gkf,7,38,mlp_magpie,Mg3AsBr3,1.435978
primary,gkf,7,38,mlp_magpie,Ba3PI3,0.906472
primary,gkf,7,38,mlp_magpie,Ca3PI3,1.416909
primary,gkf,7,38,mlp_magpie,Mg3PCl3,2.646858
primary,gkf,7,38,mlp_magpie,Mg3SbCl3,2.190212
primary,gkf,7,38,mlp_magpie,Sr3SbCl3,1.443211
primary,gkf,7,38,mlp_magpie,Sr3SbI3,1.170876
primary,gkf,7,39,mlp_magpie,Ba3AsBr3,1.06525
primary,gkf,7,39,mlp_magpie,Ba3AsCl3,1.155135
primary,gkf,7,39,mlp_magpie,Ba3BiCl3,0.984031
primary,gkf,7,39,mlp_magpie,Ca3PBr3,1.637338
primary,gkf,7,39,mlp_magpie,Mg3PBr3,1.335394
primary,gkf,7,39,mlp_magpie,Ba3SbI3,0.913285
primary,gkf,7,39,mlp_magpie,Mg3SbI3,0.191317
primary,gkf,8,40,mlp_magpie,Ca3BiI3,1.057237
primary,gkf,8,40,mlp_magpie,Ba3PI3,0.889528
primary,gkf,8,40,mlp_magpie,Mg3PBr3,1.5559
primary,gkf,8,40,mlp_magpie,Mg3PI3,0.690399
primary,gkf,8,40,mlp_magpie,Sr3PBr3,1.42242
primary,gkf,8,40,mlp_magpie,Ba3SbBr3,0.943133
primary,gkf,8,40,mlp_magpie,Ca3SbF3,2.353562
primary,gkf,8,40,mlp_magpie,Sr3SbCl3,1.472032
primary,gkf,8,41,mlp_magpie,Ba3AsCl3,1.278064
primary,gkf,8,41,mlp_magpie,Mg3AsBr3,1.406566
primary,gkf,8,41,mlp_magpie,Ba3BiCl3,1.075196
primary,gkf,8,41,mlp_magpie,Mg3BiI3,0.161454
primary,gkf,8,41,mlp_magpie,Ca3PF3,2.456081
primary,gkf,8,41,mlp_magpie,Mg3PCl3,2.440075
primary,gkf,8,41,mlp_magpie,Ba3SbCl3,1.208889
primary,gkf,8,41,mlp_magpie,Mg3SbCl3,1.965103
primary,gkf,8,42,mlp_magpie,Ca3AsBr3,1.844558
primary,gkf,8,42,mlp_magpie,Sr3AsI3,1.222746
primary,gkf,8,42,mlp_magpie,Ba3BiI3,1.012384
primary,gkf,8,42,mlp_magpie,Ca3PI3,1.340475
primary,gkf,8,42,mlp_magpie,Ba3SbI3,1.03104
primary,gkf,8,42,mlp_magpie,Mg3SbBr3,1.139889
primary,gkf,8,42,mlp_magpie,Mg3SbF3,2.022788
primary,gkf,8,42,mlp_magpie,Mg3SbI3,0.477908
primary,gkf,8,43,mlp_magpie,Ba3AsBr3,1.012652
primary,gkf,8,43,mlp_magpie,Ba3AsI3,0.831002
primary,gkf,8,43,mlp_magpie,Mg3BiBr3,1.266886
primary,gkf,8,43,mlp_magpie,Ba3PBr3,0.935673
primary,gkf,8,43,mlp_magpie,Ba3PCl3,1.228504
primary,gkf,8,43,mlp_magpie,Ca3PCl3,1.977622
primary,gkf,8,43,mlp_magpie,Ca3SbBr3,1.594077
primary,gkf,8,43,mlp_magpie,Sr3SbI3,1.232363
primary,gkf,8,44,mlp_magpie,Ca3AsF3,2.402388
primary,gkf,8,44,mlp_magpie,Sr3AsCl3,1.528958
primary,gkf,8,44,mlp_magpie,Ba3BiBr3,0.93193
primary,gkf,8,44,mlp_magpie,Ca3PBr3,1.614036
primary,gkf,8,44,mlp_magpie,Sr3PCl3,1.567023
primary,gkf,8,44,mlp_magpie,Sr3PI3,1.193146
primary,gkf,8,44,mlp_magpie,Ca3SbCl3,1.720132
primary,gkf,9,45,mlp_magpie,Ca3AsBr3,1.886989
primary,gkf,9,45,mlp_magpie,Ba3BiBr3,0.975843
primary,gkf,9,45,mlp_magpie,Ba3BiCl3,0.996827
primary,gkf,9,45,mlp_magpie,Ba3PBr3,1.02751
primary,gkf,9,45,mlp_magpie,Ba3PI3,0.906349
primary,gkf,9,45,mlp_magpie,Mg3PI3,0.55357
primary,gkf,9,45,mlp_magpie,Ba3SbI3,0.923725
primary,gkf,9,45,mlp_magpie,Sr3SbI3,1.369385
primary,gkf,9,46,mlp_magpie,Ca3PBr3,1.700817
primary,gkf,9,46,mlp_magpie,Ca3PCl3,2.002918
primary,gkf,9,46,mlp_magpie,Ca3PI3,1.390873
primary,gkf,9,46,mlp_magpie,Mg3PCl3,2.253017
primary,gkf,9,46,mlp_magpie,Sr3PCl3,1.528367
primary,gkf,9,46,mlp_magpie,Ba3SbCl3,0.977718
primary,gkf,9,46,mlp_magpie,Mg3SbCl3,1.816134
primary,gkf,9,46,mlp_magpie,Mg3SbI3,0.177829
primary,gkf,9,47,mlp_magpie,Ba3AsCl3,1.260852
primary,gkf,9,47,mlp_magpie,Ca3AsF3,2.648682
primary,gkf,9,47,mlp_magpie,Ca3BiI3,1.154343
primary,gkf,9,47,mlp_magpie,Mg3BiI3,0.223766
primary,gkf,9,47,mlp_magpie,Ba3PCl3,1.346214
primary,gkf,9,47,mlp_magpie,Mg3PBr3,1.475888
primary,gkf,9,47,mlp_magpie,Ba3SbBr3,0.944849
primary,gkf,9,47,mlp_magpie,Ca3SbF3,2.541014
primary,gkf,9,48,mlp_magpie,Ba3AsBr3,1.012574
primary,gkf,9,48,mlp_magpie,Ba3AsI3,0.875414
primary,gkf,9,48,mlp_magpie,Mg3AsBr3,1.435173
primary,gkf,9,48,mlp_magpie,Sr3AsI3,1.247976
primary,gkf,9,48,mlp_magpie,Ca3PF3,2.409612
primary,gkf,9,48,mlp_magpie,Ca3SbBr3,1.528753
primary,gkf,9,48,mlp_magpie,Ca3SbCl3,1.703433
primary,gkf,9,48,mlp_magpie,Sr3SbCl3,1.429796
primary,gkf,9,49,mlp_magpie,Sr3AsCl3,1.628488
primary,gkf,9,49,mlp_magpie,Ba3BiI3,0.992378
primary,gkf,9,49,mlp_magpie,Mg3BiBr3,0.858429
primary,gkf,9,49,mlp_magpie,Sr3PBr3,1.379807
primary,gkf,9,49,mlp_magpie,Sr3PI3,1.242406
primary,gkf,9,49,mlp_magpie,Mg3SbBr3,1.003877
primary,gkf,9,49,mlp_magpie,Mg3SbF3,2.036457
primary,loo,0,0,mlp_magpie,Ba3AsBr3,1.033376
primary,loo,0,1,mlp_magpie,Ba3AsCl3,1.143032
primary,loo,0,2,mlp_magpie,Ba3AsI3,0.834259
primary,loo,0,3,mlp_magpie,Ba3BiBr3,0.968361
primary,loo,0,4,mlp_magpie,Ba3BiCl3,0.97044
primary,loo,0,5,mlp_magpie,Ba3BiI3,0.978394
primary,loo,0,6,mlp_magpie,Ba3PBr3,0.956243
primary,loo,0,7,mlp_magpie,Ba3PCl3,1.235778
primary,loo,0,8,mlp_magpie,Ba3PI3,0.808172
primary,loo,0,9,mlp_magpie,Ba3SbBr3,0.928858
primary,loo,0,10,mlp_magpie,Ba3SbCl3,1.086506
primary,loo,0,11,mlp_magpie,Ba3SbI3,0.911487
primary,loo,0,12,mlp_magpie,Ca3AsBr3,1.755388
primary,loo,0,13,mlp_magpie,Ca3AsF3,2.505809
primary,loo,0,14,mlp_magpie,Ca3BiI3,1.052848
primary,loo,0,15,mlp_magpie,Ca3PBr3,1.660218
primary,loo,0,16,mlp_magpie,Ca3PCl3,2.245176
primary,loo,0,17,mlp_magpie,Ca3PF3,2.490066
primary,loo,0,18,mlp_magpie,Ca3PI3,1.447633
primary,loo,0,19,mlp_magpie,Ca3SbBr3,1.609805
primary,loo,0,20,mlp_magpie,Ca3SbCl3,1.852161
primary,loo,0,21,mlp_magpie,Ca3SbF3,2.200031
primary,loo,0,22,mlp_magpie,Mg3AsBr3,1.441035
primary,loo,0,23,mlp_magpie,Mg3BiBr3,0.808865
primary,loo,0,24,mlp_magpie,Mg3BiI3,0.352312
primary,loo,0,25,mlp_magpie,Mg3PBr3,1.575833
primary,loo,0,26,mlp_magpie,Mg3PCl3,2.565309
primary,loo,0,27,mlp_magpie,Mg3PI3,0.657172
primary,loo,0,28,mlp_magpie,Mg3SbBr3,0.987139
primary,loo,0,29,mlp_magpie,Mg3SbCl3,1.926756
primary,loo,0,30,mlp_magpie,Mg3SbF3,2.084081
primary,loo,0,31,mlp_magpie,Mg3SbI3,0.384341
primary,loo,0,32,mlp_magpie,Sr3AsCl3,1.627784
primary,loo,0,33,mlp_magpie,Sr3AsI3,1.201536
primary,loo,0,34,mlp_magpie,Sr3PBr3,1.52328
primary,loo,0,35,mlp_magpie,Sr3PCl3,1.77229
primary,loo,0,36,mlp_magpie,Sr3PI3,1.22726
primary,loo,0,37,mlp_magpie,Sr3SbCl3,1.487396
primary,loo,0,38,mlp_magpie,Sr3SbI3,1.259692
verified_only,lobo,0,0,mlp_physics9,Ba3AsCl3,1.226493
verified_only,lobo,0,0,mlp_physics9,Ba3AsI3,0.865262
verified_only,lobo,0,0,mlp_physics9,Ca3AsBr3,1.682896
verified_only,lobo,0,0,mlp_physics9,Ca3AsF3,2.380825
verified_only,lobo,0,0,mlp_physics9,Mg3AsBr3,1.290635
verified_only,lobo,0,0,mlp_physics9,Sr3AsCl3,1.595837
verified_only,lobo,0,0,mlp_physics9,Sr3AsI3,1.125598
verified_only,lobo,0,1,mlp_physics9,Ca3BiI3,1.167778
verified_only,lobo,0,1,mlp_physics9,Mg3BiBr3,1.05725
verified_only,lobo,0,1,mlp_physics9,Mg3BiI3,0.182159
verified_only,lobo,0,2,mlp_physics9,Ca3PBr3,1.617487
verified_only,lobo,0,2,mlp_physics9,Ca3PCl3,1.784548
verified_only,lobo,0,2,mlp_physics9,Ca3PF3,2.248119
verified_only,lobo,0,2,mlp_physics9,Ca3PI3,1.234579
verified_only,lobo,0,2,mlp_physics9,Mg3PBr3,1.33259
verified_only,lobo,0,2,mlp_physics9,Mg3PCl3,1.735605
verified_only,lobo,0,2,mlp_physics9,Mg3PI3,0.709662
verified_only,lobo,0,2,mlp_physics9,Sr3PBr3,1.478941
verified_only,lobo,0,2,mlp_physics9,Sr3PCl3,1.615933
verified_only,lobo,0,2,mlp_physics9,Sr3PI3,1.181945
verified_only,lobo,0,3,mlp_physics9,Ba3SbBr3,1.335633
verified_only,lobo,0,3,mlp_physics9,Ba3SbI3,1.110371
verified_only,lobo,0,3,mlp_physics9,Ca3SbBr3,1.424564
verified_only,lobo,0,3,mlp_physics9,Ca3SbCl3,1.518361
verified_only,lobo,0,3,mlp_physics9,Ca3SbF3,2.055122
verified_only,lobo,0,3,mlp_physics9,Mg3SbBr3,1.012057
verified_only,lobo,0,3,mlp_physics9,Mg3SbCl3,1.351871
verified_only,lobo,0,3,mlp_physics9,Mg3SbF3,2.259332
verified_only,lobo,0,3,mlp_physics9,Mg3SbI3,0.579528
verified_only,lobo,0,3,mlp_physics9,Sr3SbCl3,1.476869
verified_only,lobo,0,3,mlp_physics9,Sr3SbI3,1.119901
verified_only,loao,0,0,mlp_physics9,Ba3AsCl3,1.549573
verified_only,loao,0,0,mlp_physics9,Ba3AsI3,1.38662
verified_only,loao,0,0,mlp_physics9,Ba3SbBr3,1.540366
verified_only,loao,0,0,mlp_physics9,Ba3SbI3,1.373861
verified_only,loao,0,1,mlp_physics9,Ca3AsBr3,1.423437
verified_only,loao,0,1,mlp_physics9,Ca3AsF3,2.418879
verified_only,loao,0,1,mlp_physics9,Ca3BiI3,1.132886
verified_only,loao,0,1,mlp_physics9,Ca3PBr3,1.544362
verified_only,loao,0,1,mlp_physics9,Ca3PCl3,1.706628
verified_only,loao,0,1,mlp_physics9,Ca3PF3,2.459912
verified_only,loao,0,1,mlp_physics9,Ca3PI3,1.229499
verified_only,loao,0,1,mlp_physics9,Ca3SbBr3,1.419414
verified_only,loao,0,1,mlp_physics9,Ca3SbCl3,1.628924
verified_only,loao,0,1,mlp_physics9,Ca3SbF3,2.487443
verified_only,loao,0,2,mlp_physics9,Mg3AsBr3,2.31851
verified_only,loao,0,2,mlp_physics9,Mg3BiBr3,2.263859
verified_only,loao,0,2,mlp_physics9,Mg3BiI3,2.096423
verified_only,loao,0,2,mlp_physics9,Mg3PBr3,2.336972
verified_only,loao,0,2,mlp_physics9,Mg3PCl3,2.444522
verified_only,loao,0,2,mlp_physics9,Mg3PI3,2.177301
verified_only,loao,0,2,mlp_physics9,Mg3SbBr3,2.278099
verified_only,loao,0,2,mlp_physics9,Mg3SbCl3,2.386796
verified_only,loao,0,2,mlp_physics9,Mg3SbF3,2.817734
verified_only,loao,0,2,mlp_physics9,Mg3SbI3,2.11092
verified_only,loao,0,3,mlp_physics9,Sr3AsCl3,1.412636
verified_only,loao,0,3,mlp_physics9,Sr3AsI3,1.143629
verified_only,loao,0,3,mlp_physics9,Sr3PBr3,1.658973
verified_only,loao,0,3,mlp_physics9,Sr3PCl3,1.757644
verified_only,loao,0,3,mlp_physics9,Sr3PI3,1.401861
verified_only,loao,0,3,mlp_physics9,Sr3SbCl3,1.618964
verified_only,loao,0,3,mlp_physics9,Sr3SbI3,1.052927
verified_only,gkf,0,0,mlp_physics9,Mg3BiBr3,1.033189
verified_only,gkf,0,0,mlp_physics9,Ca3PCl3,1.953467
verified_only,gkf,0,0,mlp_physics9,Ca3PF3,2.422703
verified_only,gkf,0,0,mlp_physics9,Mg3PBr3,1.485619
verified_only,gkf,0,0,mlp_physics9,Sr3PCl3,1.709775
verified_only,gkf,0,0,mlp_physics9,Mg3SbI3,0.061003
verified_only,gkf,0,0,mlp_physics9,Sr3SbCl3,1.605276
verified_only,gkf,0,1,mlp_physics9,Ba3AsCl3,1.258036
verified_only,gkf,0,1,mlp_physics9,Ca3AsBr3,1.650599
verified_only,gkf,0,1,mlp_physics9,Ca3AsF3,2.378182
verified_only,gkf,0,1,mlp_physics9,Sr3AsCl3,1.58398
verified_only,gkf,0,1,mlp_physics9,Mg3BiI3,0.328887
verified_only,gkf,0,1,mlp_physics9,Ca3SbCl3,1.79682
verified_only,gkf,0,2,mlp_physics9,Ba3AsI3,1.033592
verified_only,gkf,0,2,mlp_physics9,Sr3AsI3,1.155624
verified_only,gkf,0,2,mlp_physics9,Ba3SbBr3,1.30885
verified_only,gkf,0,2,mlp_physics9,Ca3SbBr3,1.592439
verified_only,gkf,0,2,mlp_physics9,Ca3SbF3,2.336205
verified_only,gkf,0,2,mlp_physics9,Mg3SbF3,2.701062
verified_only,gkf,0,3,mlp_physics9,Mg3PCl3,2.062122
verified_only,gkf,0,3,mlp_physics9,Sr3PBr3,1.570567
verified_only,gkf,0,3,mlp_physics9,Ba3SbI3,1.142195
verified_only,gkf,0,3,mlp_physics9,Mg3SbBr3,0.9867
verified_only,gkf,0,3,mlp_physics9,Mg3SbCl3,1.624554
verified_only,gkf,0,3,mlp_physics9,Sr3SbI3,1.336415
verified_only,gkf,0,4,mlp_physics9,Mg3AsBr3,1.437051
verified_only,gkf,0,4,mlp_physics9,Ca3BiI3,1.257069
verified_only,gkf,0,4,mlp_physics9,Ca3PBr3,1.790282
verified_only,gkf,0,4,mlp_physics9,Ca3PI3,1.423864
verified_only,gkf,0,4,mlp_physics9,Mg3PI3,0.885617
verified_only,gkf,0,4,mlp_physics9,Sr3PI3,1.349796
verified_only,gkf,1,5,mlp_physics9,Ba3AsCl3,1.723076
verified_only,gkf,1,5,mlp_physics9,Ca3AsF3,2.587636
verified_only,gkf,1,5,mlp_physics9,Ca3PBr3,1.602397
verified_only,gkf,1,5,mlp_physics9,Sr3PI3,1.236265
verified_only,gkf,1,5,mlp_physics9,Ca3SbF3,2.499684
verified_only,gkf,1,5,mlp_physics9,Mg3SbBr3,1.011911
verified_only,gkf,1,5,mlp_physics9,Mg3SbCl3,1.517313
verified_only,gkf,1,6,mlp_physics9,Sr3AsI3,1.03241
verified_only,gkf,1,6,mlp_physics9,Mg3BiI3,0.035922
verified_only,gkf,1,6,mlp_physics9,Ca3PI3,1.172362
verified_only,gkf,1,6,mlp_physics9,Ca3SbCl3,1.920897
verified_only,gkf,1,6,mlp_physics9,Mg3SbI3,0.01388
verified_only,gkf,1,6,mlp_physics9,Sr3SbI3,1.062419
verified_only,gkf,1,7,mlp_physics9,Ba3AsI3,1.035029
verified_only,gkf,1,7,mlp_physics9,Sr3AsCl3,1.444016
verified_only,gkf,1,7,mlp_physics9,Ca3BiI3,1.191229
verified_only,gkf,1,7,mlp_physics9,Ca3PCl3,1.976822
verified_only,gkf,1,7,mlp_physics9,Mg3PBr3,1.560168
verified_only,gkf,1,7,mlp_physics9,Ba3SbI3,1.191565
verified_only,gkf,1,8,mlp_physics9,Ca3AsBr3,1.781423
verified_only,gkf,1,8,mlp_physics9,Mg3PCl3,2.014212
verified_only,gkf,1,8,mlp_physics9,Mg3PI3,0.758018
verified_only,gkf,1,8,mlp_physics9,Ba3SbBr3,1.02549
verified_only,gkf,1,8,mlp_physics9,Ca3SbBr3,1.688443
verified_only,gkf,1,8,mlp_physics9,Mg3SbF3,2.516159
verified_only,gkf,1,9,mlp_physics9,Mg3AsBr3,1.24727
verified_only,gkf,1,9,mlp_physics9,Mg3BiBr3,1.017082
verified_only,gkf,1,9,mlp_physics9,Ca3PF3,2.462218
verified_only,gkf,1,9,mlp_physics9,Sr3PBr3,1.599838
verified_only,gkf,1,9,mlp_physics9,Sr3PCl3,1.754236
verified_only,gkf,1,9,mlp_physics9,Sr3SbCl3,1.571023
verified_only,gkf,2,10,mlp_physics9,Ba3AsCl3,1.258417
verified_only,gkf,2,10,mlp_physics9,Ca3AsBr3,1.677958
verified_only,gkf,2,10,mlp_physics9,Sr3AsI3,1.101429
verified_only,gkf,2,10,mlp_physics9,Ca3PCl3,1.956691
verified_only,gkf,2,10,mlp_physics9,Ca3PI3,1.222052
verified_only,gkf,2,10,mlp_physics9,Mg3SbBr3,0.995801
verified_only,gkf,2,10,mlp_physics9,Sr3SbI3,1.004645
verified_only,gkf,2,11,mlp_physics9,Sr3AsCl3,1.392285
verified_only,gkf,2,11,mlp_physics9,Mg3BiBr3,1.088144
verified_only,gkf,2,11,mlp_physics9,Mg3PCl3,2.025284
verified_only,gkf,2,11,mlp_physics9,Sr3PBr3,1.604528
verified_only,gkf,2,11,mlp_physics9,Mg3SbI3,0.104156
verified_only,gkf,2,11,mlp_physics9,Sr3SbCl3,1.58041
verified_only,gkf,2,12,mlp_physics9,Ba3AsI3,0.920581
verified_only,gkf,2,12,mlp_physics9,Ca3AsF3,2.623284
verified_only,gkf,2,12,mlp_physics9,Ca3PF3,2.766369
verified_only,gkf,2,12,mlp_physics9,Mg3PI3,0.661982
verified_only,gkf,2,12,mlp_physics9,Ca3SbCl3,1.793236
verified_only,gkf,2,12,mlp_physics9,Mg3SbCl3,1.605078
verified_only,gkf,2,13,mlp_physics9,Mg3BiI3,0.152178
verified_only,gkf,2,13,mlp_physics9,Mg3PBr3,1.515624
verified_only,gkf,2,13,mlp_physics9,Sr3PCl3,1.792909
verified_only,gkf,2,13,mlp_physics9,Ba3SbI3,0.990845
verified_only,gkf,2,13,mlp_physics9,Ca3SbF3,2.157557
verified_only,gkf,2,13,mlp_physics9,Mg3SbF3,2.37579
verified_only,gkf,2,14,mlp_physics9,Mg3AsBr3,1.320416
verified_only,gkf,2,14,mlp_physics9,Ca3BiI3,1.160946
verified_only,gkf,2,14,mlp_physics9,Ca3PBr3,1.793224
verified_only,gkf,2,14,mlp_physics9,Sr3PI3,1.33972
verified_only,gkf,2,14,mlp_physics9,Ba3SbBr3,1.101108
verified_only,gkf,2,14,mlp_physics9,Ca3SbBr3,1.656063
verified_only,gkf,3,15,mlp_physics9,Ba3AsI3,1.120335
verified_only,gkf,3,15,mlp_physics9,Ca3AsBr3,1.708199
verified_only,gkf,3,15,mlp_physics9,Ca3AsF3,2.284755
verified_only,gkf,3,15,mlp_physics9,Sr3AsI3,1.298768
verified_only,gkf,3,15,mlp_physics9,Ca3PF3,2.350918
verified_only,gkf,3,15,mlp_physics9,Mg3PCl3,2.071132
verified_only,gkf,3,15,mlp_physics9,Ba3SbI3,1.207774
verified_only,gkf,3,16,mlp_physics9,Mg3BiI3,0.147061
verified_only,gkf,3,16,mlp_physics9,Ca3PI3,1.216021
verified_only,gkf,3,16,mlp_physics9,Sr3PCl3,1.755153
verified_only,gkf,3,16,mlp_physics9,Ba3SbBr3,1.194353
verified_only,gkf,3,16,mlp_physics9,Ca3SbF3,2.304617
verified_only,gkf,3,16,mlp_physics9,Sr3SbCl3,1.60162
verified_only,gkf,3,17,mlp_physics9,Ca3BiI3,1.169875
verified_only,gkf,3,17,mlp_physics9,Ca3PBr3,1.748011
verified_only,gkf,3,17,mlp_physics9,Mg3PI3,0.906479
verified_only,gkf,3,17,mlp_physics9,Ca3SbBr3,1.578985
verified_only,gkf,3,17,mlp_physics9,Mg3SbCl3,1.439361
verified_only,gkf,3,17,mlp_physics9,Mg3SbF3,2.499581
verified_only,gkf,3,18,mlp_physics9,Ba3AsCl3,1.273782
verified_only,gkf,3,18,mlp_physics9,Sr3AsCl3,1.580248
verified_only,gkf,3,18,mlp_physics9,Ca3PCl3,1.92056
verified_only,gkf,3,18,mlp_physics9,Sr3PBr3,1.629955
verified_only,gkf,3,18,mlp_physics9,Sr3PI3,1.410604
verified_only,gkf,3,18,mlp_physics9,Mg3SbI3,0.176203
verified_only,gkf,3,19,mlp_physics9,Mg3AsBr3,1.284359
verified_only,gkf,3,19,mlp_physics9,Mg3BiBr3,1.113976
verified_only,gkf,3,19,mlp_physics9,Mg3PBr3,1.496418
verified_only,gkf,3,19,mlp_physics9,Ca3SbCl3,1.880348
verified_only,gkf,3,19,mlp_physics9,Mg3SbBr3,1.042446
verified_only,gkf,3,19,mlp_physics9,Sr3SbI3,1.155263
verified_only,gkf,4,20,mlp_physics9,Ca3AsF3,2.353
verified_only,gkf,4,20,mlp_physics9,Sr3AsCl3,1.429286
verified_only,gkf,4,20,mlp_physics9,Ca3PI3,1.245424
verified_only,gkf,4,20,mlp_physics9,Mg3PCl3,2.085778
verified_only,gkf,4,20,mlp_physics9,Mg3PI3,0.701684
verified_only,gkf,4,20,mlp_physics9,Ba3SbI3,1.139314
verified_only,gkf,4,20,mlp_physics9,Ca3SbCl3,1.799965
verified_only,gkf,4,21,mlp_physics9,Mg3AsBr3,1.361061
verified_only,gkf,4,21,mlp_physics9,Mg3BiI3,0.269799
verified_only,gkf,4,21,mlp_physics9,Ca3PF3,2.390448
verified_only,gkf,4,21,mlp_physics9,Sr3PI3,1.203809
verified_only,gkf,4,21,mlp_physics9,Mg3SbF3,2.438902
verified_only,gkf,4,21,mlp_physics9,Sr3SbCl3,1.680012
verified_only,gkf,4,22,mlp_physics9,Mg3PBr3,1.466787
verified_only,gkf,4,22,mlp_physics9,Sr3PBr3,1.55884
verified_only,gkf,4,22,mlp_physics9,Ca3SbF3,2.390854
verified_only,gkf,4,22,mlp_physics9,Mg3SbBr3,0.989776
verified_only,gkf,4,22,mlp_physics9,Mg3SbCl3,1.604503
verified_only,gkf,4,22,mlp_physics9,Mg3SbI3,0.136713
verified_only,gkf,4,23,mlp_physics9,Ba3AsCl3,1.305897
verified_only,gkf,4,23,mlp_physics9,Ba3AsI3,0.94969
verified_only,gkf,4,23,mlp_physics9,Ca3AsBr3,1.718249
verified_only,gkf,4,23,mlp_physics9,Sr3AsI3,1.220903
verified_only,gkf,4,23,mlp_physics9,Mg3BiBr3,1.164928
verified_only,gkf,4,23,mlp_physics9,Ba3SbBr3,1.238243
verified_only,gkf,4,24,mlp_physics9,Ca3BiI3,1.040293
verified_only,gkf,4,24,mlp_physics9,Ca3PBr3,1.755959
verified_only,gkf,4,24,mlp_physics9,Ca3PCl3,1.898431
verified_only,gkf,4,24,mlp_physics9,Sr3PCl3,1.67926
verified_only,gkf,4,24,mlp_physics9,Ca3SbBr3,1.588367
verified_only,gkf,4,24,mlp_physics9,Sr3SbI3,1.046736
verified_only,gkf,5,25,mlp_physics9,Ba3AsCl3,1.232119
verified_only,gkf,5,25,mlp_physics9,Sr3AsCl3,1.561791
verified_only,gkf,5,25,mlp_physics9,Sr3AsI3,1.130445
verified_only,gkf,5,25,mlp_physics9,Ca3PBr3,1.736747
verified_only,gkf,5,25,mlp_physics9,Mg3PBr3,1.484646
verified_only,gkf,5,25,mlp_physics9,Ca3SbBr3,1.649327
verified_only,gkf,5,25,mlp_physics9,Ca3SbF3,2.531232
verified_only,gkf,5,26,mlp_physics9,Ba3AsI3,1.073202
verified_only,gkf,5,26,mlp_physics9,Ca3AsF3,2.465377
verified_only,gkf,5,26,mlp_physics9,Ca3PCl3,1.90396
verified_only,gkf,5,26,mlp_physics9,Ba3SbBr3,1.284872
verified_only,gkf,5,26,mlp_physics9,Mg3SbF3,2.792659
verified_only,gkf,5,26,mlp_physics9,Sr3SbI3,1.130538
verified_only,gkf,5,27,mlp_physics9,Mg3BiBr3,1.126746
verified_only,gkf,5,27,mlp_physics9,Ca3PI3,1.233901
verified_only,gkf,5,27,mlp_physics9,Mg3SbBr3,1.075893
verified_only,gkf,5,27,mlp_physics9,Mg3SbCl3,1.693361
verified_only,gkf,5,27,mlp_physics9,Mg3SbI3,0.191387
verified_only,gkf,5,27,mlp_physics9,Sr3SbCl3,1.569208
verified_only,gkf,5,28,mlp_physics9,Ca3AsBr3,1.713458
verified_only,gkf,5,28,mlp_physics9,Mg3AsBr3,1.452385
verified_only,gkf,5,28,mlp_physics9,Mg3PI3,0.943939
verified_only,gkf,5,28,mlp_physics9,Sr3PBr3,1.608409
verified_only,gkf,5,28,mlp_physics9,Sr3PI3,1.384583
verified_only,gkf,5,28,mlp_physics9,Ba3SbI3,1.068545
verified_only,gkf,5,29,mlp_physics9,Ca3BiI3,1.111694
verified_only,gkf,5,29,mlp_physics9,Mg3BiI3,0.084374
verified_only,gkf,5,29,mlp_physics9,Ca3PF3,2.463091
verified_only,gkf,5,29,mlp_physics9,Mg3PCl3,2.046158
verified_only,gkf,5,29,mlp_physics9,Sr3PCl3,1.703646
verified_only,gkf,5,29,mlp_physics9,Ca3SbCl3,1.929933
verified_only,gkf,6,30,mlp_physics9,Ba3AsI3,1.001216
verified_only,gkf,6,30,mlp_physics9,Mg3AsBr3,1.312447
verified_only,gkf,6,30,mlp_physics9,Mg3BiBr3,1.01246
verified_only,gkf,6,30,mlp_physics9,Mg3PBr3,1.6074
verified_only,gkf,6,30,mlp_physics9,Ba3SbI3,1.115817
verified_only,gkf,6,30,mlp_physics9,Ca3SbBr3,1.641171
verified_only,gkf,6,30,mlp_physics9,Mg3SbCl3,1.662219
verified_only,gkf,6,31,mlp_physics9,Ca3AsBr3,1.771289
verified_only,gkf,6,31,mlp_physics9,Mg3BiI3,0.168738
verified_only,gkf,6,31,mlp_physics9,Ca3PF3,2.346636
verified_only,gkf,6,31,mlp_physics9,Mg3PCl3,2.032842
verified_only,gkf,6,31,mlp_physics9,Sr3PI3,1.336739
verified_only,gkf,6,31,mlp_physics9,Mg3SbI3,0.13662
verified_only,gkf,6,32,mlp_physics9,Ca3AsF3,2.478914
verified_only,gkf,6,32,mlp_physics9,Ca3PBr3,1.798071
verified_only,gkf,6,32,mlp_physics9,Ca3SbF3,2.446964
verified_only,gkf,6,32,mlp_physics9,Mg3SbBr3,1.04981
verified_only,gkf,6,32,mlp_physics9,Sr3SbCl3,1.632067
verified_only,gkf,6,32,mlp_physics9,Sr3SbI3,1.17038
verified_only,gkf,6,33,mlp_physics9,Ba3AsCl3,1.294839
verified_only,gkf,6,33,mlp_physics9,Ca3PCl3,1.917221
verified_only,gkf,6,33,mlp_physics9,Mg3PI3,0.613644
verified_only,gkf,6,33,mlp_physics9,Sr3PBr3,1.598395
verified_only,gkf,6,33,mlp_physics9,Ba3SbBr3,1.233894
verified_only,gkf,6,33,mlp_physics9,Ca3SbCl3,1.81826
verified_only,gkf,6,34,mlp_physics9,Sr3AsCl3,1.474353
verified_only,gkf,6,34,mlp_physics9,Sr3AsI3,1.01584
verified_only,gkf,6,34,mlp_physics9,Ca3BiI3,1.032636
verified_only,gkf,6,34,mlp_physics9,Ca3PI3,1.169674
verified_only,gkf,6,34,mlp_physics9,Sr3PCl3,1.751949
verified_only,gkf,6,34,mlp_physics9,Mg3SbF3,2.551742
verified_only,gkf,7,35,mlp_physics9,Ca3PCl3,1.856415
verified_only,gkf,7,35,mlp_physics9,Ca3PI3,1.131753
verified_only,gkf,7,35,mlp_physics9,Sr3PBr3,1.616857
verified_only,gkf,7,35,mlp_physics9,Sr3PCl3,1.723344
verified_only,gkf,7,35,mlp_physics9,Ba3SbI3,1.244865
verified_only,gkf,7,35,mlp_physics9,Ca3SbCl3,1.71223
verified_only,gkf,7,35,mlp_physics9,Ca3SbF3,2.425968
verified_only,gkf,7,36,mlp_physics9,Ca3AsF3,2.539088
verified_only,gkf,7,36,mlp_physics9,Sr3AsCl3,1.513318
verified_only,gkf,7,36,mlp_physics9,Ca3PBr3,1.777653
verified_only,gkf,7,36,mlp_physics9,Ca3PF3,2.715813
verified_only,gkf,7,36,mlp_physics9,Mg3PBr3,1.55073
verified_only,gkf,7,36,mlp_physics9,Sr3PI3,1.357838
verified_only,gkf,7,37,mlp_physics9,Ba3AsCl3,1.243349
verified_only,gkf,7,37,mlp_physics9,Mg3AsBr3,1.179218
verified_only,gkf,7,37,mlp_physics9,Mg3BiBr3,1.042779
verified_only,gkf,7,37,mlp_physics9,Mg3PCl3,2.077068
verified_only,gkf,7,37,mlp_physics9,Mg3SbF3,2.404938
verified_only,gkf,7,37,mlp_physics9,Sr3SbCl3,1.72289
verified_only,gkf,7,38,mlp_physics9,Ca3AsBr3,1.726623
verified_only,gkf,7,38,mlp_physics9,Ba3SbBr3,1.190871
verified_only,gkf,7,38,mlp_physics9,Mg3SbBr3,0.964939
verified_only,gkf,7,38,mlp_physics9,Mg3SbCl3,1.631905
verified_only,gkf,7,38,mlp_physics9,Mg3SbI3,0.149434
verified_only,gkf,7,38,mlp_physics9,Sr3SbI3,1.20721
verified_only,gkf,7,39,mlp_physics9,Ba3AsI3,1.105459
verified_only,gkf,7,39,mlp_physics9,Sr3AsI3,1.246915
verified_only,gkf,7,39,mlp_physics9,Ca3BiI3,1.095537
verified_only,gkf,7,39,mlp_physics9,Mg3BiI3,0.640308
verified_only,gkf,7,39,mlp_physics9,Mg3PI3,1.050884
verified_only,gkf,7,39,mlp_physics9,Ca3SbBr3,1.493921
verified_only,gkf,8,40,mlp_physics9,Sr3AsI3,1.101456
verified_only,gkf,8,40,mlp_physics9,Mg3BiI3,0.420614
verified_only,gkf,8,40,mlp_physics9,Ca3PBr3,1.689761
verified_only,gkf,8,40,mlp_physics9,Mg3PBr3,1.35437
verified_only,gkf,8,40,mlp_physics9,Mg3PCl3,1.896208
verified_only,gkf,8,40,mlp_physics9,Sr3PBr3,1.539003
verified_only,gkf,8,40,mlp_physics9,Sr3PCl3,1.75131
verified_only,gkf,8,41,mlp_physics9,Mg3AsBr3,1.339791
verified_only,gkf,8,41,mlp_physics9,Ca3BiI3,0.898149
verified_only,gkf,8,41,mlp_physics9,Ca3PF3,2.288817
verified_only,gkf,8,41,mlp_physics9,Ca3SbBr3,1.536257
verified_only,gkf,8,41,mlp_physics9,Ca3SbF3,2.202335
verified_only,gkf,8,41,mlp_physics9,Mg3SbF3,2.441039
verified_only,gkf,8,42,mlp_physics9,Sr3AsCl3,1.411662
verified_only,gkf,8,42,mlp_physics9,Ca3PCl3,1.884456
verified_only,gkf,8,42,mlp_physics9,Ba3SbBr3,1.439267
verified_only,gkf,8,42,mlp_physics9,Ba3SbI3,1.300267
verified_only,gkf,8,42,mlp_physics9,Ca3SbCl3,1.790014
verified_only,gkf,8,42,mlp_physics9,Mg3SbBr3,1.016948
verified_only,gkf,8,43,mlp_physics9,Ba3AsCl3,1.225276
verified_only,gkf,8,43,mlp_physics9,Mg3BiBr3,1.026388
verified_only,gkf,8,43,mlp_physics9,Ca3PI3,1.233174
verified_only,gkf,8,43,mlp_physics9,Sr3PI3,1.184402
verified_only,gkf,8,43,mlp_physics9,Mg3SbCl3,1.62579
verified_only,gkf,8,43,mlp_physics9,Sr3SbCl3,1.666563
verified_only,gkf,8,44,mlp_physics9,Ba3AsI3,0.974621
verified_only,gkf,8,44,mlp_physics9,Ca3AsBr3,1.724731
verified_only,gkf,8,44,mlp_physics9,Ca3AsF3,2.425732
verified_only,gkf,8,44,mlp_physics9,Mg3PI3,0.678315
verified_only,gkf,8,44,mlp_physics9,Mg3SbI3,0.262644
verified_only,gkf,8,44,mlp_physics9,Sr3SbI3,1.175413
verified_only,gkf,9,45,mlp_physics9,Ca3AsF3,2.363109
verified_only,gkf,9,45,mlp_physics9,Sr3PBr3,1.593618
verified_only,gkf,9,45,mlp_physics9,Sr3PI3,1.364561
verified_only,gkf,9,45,mlp_physics9,Ba3SbI3,1.109469
verified_only,gkf,9,45,mlp_physics9,Mg3SbBr3,0.934027
verified_only,gkf,9,45,mlp_physics9,Mg3SbCl3,1.55628
verified_only,gkf,9,45,mlp_physics9,Mg3SbI3,0.125675
verified_only,gkf,9,46,mlp_physics9,Ca3AsBr3,1.739849
verified_only,gkf,9,46,mlp_physics9,Mg3AsBr3,1.369738
verified_only,gkf,9,46,mlp_physics9,Ca3PCl3,1.999402
verified_only,gkf,9,46,mlp_physics9,Mg3PI3,0.694399
verified_only,gkf,9,46,mlp_physics9,Ca3SbBr3,1.61324
verified_only,gkf,9,46,mlp_physics9,Ca3SbCl3,1.726094
verified_only,gkf,9,47,mlp_physics9,Ba3AsI3,0.985279
verified_only,gkf,9,47,mlp_physics9,Mg3BiBr3,1.202784
verified_only,gkf,9,47,mlp_physics9,Mg3BiI3,0.445542
verified_only,gkf,9,47,mlp_physics9,Mg3PCl3,1.880338
verified_only,gkf,9,47,mlp_physics9,Sr3PCl3,1.706648
verified_only,gkf,9,47,mlp_physics9,Ca3SbF3,2.227904
verified_only,gkf,9,48,mlp_physics9,Sr3AsI3,1.101494
verified_only,gkf,9,48,mlp_physics9,Ca3PF3,2.517759
verified_only,gkf,9,48,mlp_physics9,Ba3SbBr3,1.081197
verified_only,gkf,9,48,mlp_physics9,Mg3SbF3,3.095038
verified_only,gkf,9,48,mlp_physics9,Sr3SbCl3,1.563004
verified_only,gkf,9,48,mlp_physics9,Sr3SbI3,1.067708
verified_only,gkf,9,49,mlp_physics9,Ba3AsCl3,1.243783
verified_only,gkf,9,49,mlp_physics9,Sr3AsCl3,1.548542
verified_only,gkf,9,49,mlp_physics9,Ca3BiI3,1.370721
verified_only,gkf,9,49,mlp_physics9,Ca3PBr3,1.739149
verified_only,gkf,9,49,mlp_physics9,Ca3PI3,1.233386
verified_only,gkf,9,49,mlp_physics9,Mg3PBr3,1.432448
verified_only,lobo,0,0,mlp_magpie,Ba3AsCl3,1.661833
verified_only,lobo,0,0,mlp_magpie,Ba3AsI3,0.93486
verified_only,lobo,0,0,mlp_magpie,Ca3AsBr3,1.715434
verified_only,lobo,0,0,mlp_magpie,Ca3AsF3,2.507411
verified_only,lobo,0,0,mlp_magpie,Mg3AsBr3,1.220383
verified_only,lobo,0,0,mlp_magpie,Sr3AsCl3,1.816971
verified_only,lobo,0,0,mlp_magpie,Sr3AsI3,1.155528
verified_only,lobo,0,1,mlp_magpie,Ca3BiI3,0.999013
verified_only,lobo,0,1,mlp_magpie,Mg3BiBr3,0.670493
verified_only,lobo,0,1,mlp_magpie,Mg3BiI3,0.047122
verified_only,lobo,0,2,mlp_magpie,Ca3PBr3,1.59483
verified_only,lobo,0,2,mlp_magpie,Ca3PCl3,2.041243
verified_only,lobo,0,2,mlp_magpie,Ca3PF3,2.556656
verified_only,lobo,0,2,mlp_magpie,Ca3PI3,1.446241
verified_only,lobo,0,2,mlp_magpie,Mg3PBr3,1.554552
verified_only,lobo,0,2,mlp_magpie,Mg3PCl3,2.345459
verified_only,lobo,0,2,mlp_magpie,Mg3PI3,0.836887
verified_only,lobo,0,2,mlp_magpie,Sr3PBr3,1.454968
verified_only,lobo,0,2,mlp_magpie,Sr3PCl3,1.862524
verified_only,lobo,0,2,mlp_magpie,Sr3PI3,1.341359
verified_only,lobo,0,3,mlp_magpie,Ba3SbBr3,1.028999
verified_only,lobo,0,3,mlp_magpie,Ba3SbI3,1.091691
verified_only,lobo,0,3,mlp_magpie,Ca3SbBr3,1.514652
verified_only,lobo,0,3,mlp_magpie,Ca3SbCl3,1.72286
verified_only,lobo,0,3,mlp_magpie,Ca3SbF3,2.042729
verified_only,lobo,0,3,mlp_magpie,Mg3SbBr3,1.018505
verified_only,lobo,0,3,mlp_magpie,Mg3SbCl3,1.555975
verified_only,lobo,0,3,mlp_magpie,Mg3SbF3,1.899476
verified_only,lobo,0,3,mlp_magpie,Mg3SbI3,0.249203
verified_only,lobo,0,3,mlp_magpie,Sr3SbCl3,1.463217
verified_only,lobo,0,3,mlp_magpie,Sr3SbI3,1.349305
verified_only,loao,0,0,mlp_magpie,Ba3AsCl3,1.611034
verified_only,loao,0,0,mlp_magpie,Ba3AsI3,1.153801
verified_only,loao,0,0,mlp_magpie,Ba3SbBr3,1.331711
verified_only,loao,0,0,mlp_magpie,Ba3SbI3,1.190485
verified_only,loao,0,1,mlp_magpie,Ca3AsBr3,1.478417
verified_only,loao,0,1,mlp_magpie,Ca3AsF3,2.458652
verified_only,loao,0,1,mlp_magpie,Ca3BiI3,0.986362
verified_only,loao,0,1,mlp_magpie,Ca3PBr3,1.583195
verified_only,loao,0,1,mlp_magpie,Ca3PCl3,1.904743
verified_only,loao,0,1,mlp_magpie,Ca3PF3,2.595029
verified_only,loao,0,1,mlp_magpie,Ca3PI3,1.338522
verified_only,loao,0,1,mlp_magpie,Ca3SbBr3,1.420393
verified_only,loao,0,1,mlp_magpie,Ca3SbCl3,1.649549
verified_only,loao,0,1,mlp_magpie,Ca3SbF3,2.42889
verified_only,loao,0,2,mlp_magpie,Mg3AsBr3,-1.490887
verified_only,loao,0,2,mlp_magpie,Mg3BiBr3,-1.745108
verified_only,loao,0,2,mlp_magpie,Mg3BiI3,-1.924059
verified_only,loao,0,2,mlp_magpie,Mg3PBr3,-1.441706
verified_only,loao,0,2,mlp_magpie,Mg3PCl3,-1.153881
verified_only,loao,0,2,mlp_magpie,Mg3PI3,-1.697467
verified_only,loao,0,2,mlp_magpie,Mg3SbBr3,-1.591935
verified_only,loao,0,2,mlp_magpie,Mg3SbCl3,-1.4359
verified_only,loao,0,2,mlp_magpie,Mg3SbF3,-1.301624
verified_only,loao,0,2,mlp_magpie,Mg3SbI3,-1.781769
verified_only,loao,0,3,mlp_magpie,Sr3AsCl3,1.349518
verified_only,loao,0,3,mlp_magpie,Sr3AsI3,1.145161
verified_only,loao,0,3,mlp_magpie,Sr3PBr3,1.530895
verified_only,loao,0,3,mlp_magpie,Sr3PCl3,1.512689
verified_only,loao,0,3,mlp_magpie,Sr3PI3,1.39557
verified_only,loao,0,3,mlp_magpie,Sr3SbCl3,1.288184
verified_only,loao,0,3,mlp_magpie,Sr3SbI3,1.187002
verified_only,gkf,0,0,mlp_magpie,Mg3BiBr3,0.988955
verified_only,gkf,0,0,mlp_magpie,Ca3PCl3,2.296555
verified_only,gkf,0,0,mlp_magpie,Ca3PF3,2.730344
verified_only,gkf,0,0,mlp_magpie,Mg3PBr3,1.477578
verified_only,gkf,0,0,mlp_magpie,Sr3PCl3,1.89259
verified_only,gkf,0,0,mlp_magpie,Mg3SbI3,0.41978
verified_only,gkf,0,0,mlp_magpie,Sr3SbCl3,1.545792
verified_only,gkf,0,1,mlp_magpie,Ba3AsCl3,1.566574
verified_only,gkf,0,1,mlp_magpie,Ca3AsBr3,1.689532
verified_only,gkf,0,1,mlp_magpie,Ca3AsF3,2.378621
verified_only,gkf,0,1,mlp_magpie,Sr3AsCl3,1.728367
verified_only,gkf,0,1,mlp_magpie,Mg3BiI3,0.639887
verified_only,gkf,0,1,mlp_magpie,Ca3SbCl3,1.758067
verified_only,gkf,0,2,mlp_magpie,Ba3AsI3,0.762434
verified_only,gkf,0,2,mlp_magpie,Sr3AsI3,1.119057
verified_only,gkf,0,2,mlp_magpie,Ba3SbBr3,0.904191
verified_only,gkf,0,2,mlp_magpie,Ca3SbBr3,1.615487
verified_only,gkf,0,2,mlp_magpie,Ca3SbF3,2.183469
verified_only,gkf,0,2,mlp_magpie,Mg3SbF3,2.062018
verified_only,gkf,0,3,mlp_magpie,Mg3PCl3,2.35072
verified_only,gkf,0,3,mlp_magpie,Sr3PBr3,1.542607
verified_only,gkf,0,3,mlp_magpie,Ba3SbI3,1.166291
verified_only,gkf,0,3,mlp_magpie,Mg3SbBr3,1.013011
verified_only,gkf,0,3,mlp_magpie,Mg3SbCl3,1.95793
verified_only,gkf,0,3,mlp_magpie,Sr3SbI3,1.377077
verified_only,gkf,0,4,mlp_magpie,Mg3AsBr3,1.200206
verified_only,gkf,0,4,mlp_magpie,Ca3BiI3,1.045166
verified_only,gkf,0,4,mlp_magpie,Ca3PBr3,1.642195
verified_only,gkf,0,4,mlp_magpie,Ca3PI3,1.363553
verified_only,gkf,0,4,mlp_magpie,Mg3PI3,0.628949
verified_only,gkf,0,4,mlp_magpie,Sr3PI3,1.279736
verified_only,gkf,1,5,mlp_magpie,Ba3AsCl3,1.556844
verified_only,gkf,1,5,mlp_magpie,Ca3AsF3,2.659986
verified_only,gkf,1,5,mlp_magpie,Ca3PBr3,1.692729
verified_only,gkf,1,5,mlp_magpie,Sr3PI3,1.290289
verified_only,gkf,1,5,mlp_magpie,Ca3SbF3,2.606239
verified_only,gkf,1,5,mlp_magpie,Mg3SbBr3,0.923969
verified_only,gkf,1,5,mlp_magpie,Mg3SbCl3,1.923498
verified_only,gkf,1,6,mlp_magpie,Sr3AsI3,1.116274
verified_only,gkf,1,6,mlp_magpie,Mg3BiI3,0.439768
verified_only,gkf,1,6,mlp_magpie,Ca3PI3,1.349124
verified_only,gkf,1,6,mlp_magpie,Ca3SbCl3,1.743532
verified_only,gkf,1,6,mlp_magpie,Mg3SbI3,0.400809
verified_only,gkf,1,6,mlp_magpie,Sr3SbI3,1.17064
verified_only,gkf,1,7,mlp_magpie,Ba3AsI3,1.133759
verified_only,gkf,1,7,mlp_magpie,Sr3AsCl3,1.695709
verified_only,gkf,1,7,mlp_magpie,Ca3BiI3,1.220085
verified_only,gkf,1,7,mlp_magpie,Ca3PCl3,1.979762
verified_only,gkf,1,7,mlp_magpie,Mg3PBr3,1.583943
verified_only,gkf,1,7,mlp_magpie,Ba3SbI3,1.238717
verified_only,gkf,1,8,mlp_magpie,Ca3AsBr3,1.630606
verified_only,gkf,1,8,mlp_magpie,Mg3PCl3,2.017566
verified_only,gkf,1,8,mlp_magpie,Mg3PI3,0.658156
verified_only,gkf,1,8,mlp_magpie,Ba3SbBr3,0.955676
verified_only,gkf,1,8,mlp_magpie,Ca3SbBr3,1.516412
verified_only,gkf,1,8,mlp_magpie,Mg3SbF3,2.059269
verified_only,gkf,1,9,mlp_magpie,Mg3AsBr3,1.193387
verified_only,gkf,1,9,mlp_magpie,Mg3BiBr3,0.91812
verified_only,gkf,1,9,mlp_magpie,Ca3PF3,2.505245
verified_only,gkf,1,9,mlp_magpie,Sr3PBr3,1.420661
verified_only,gkf,1,9,mlp_magpie,Sr3PCl3,1.776871
verified_only,gkf,1,9,mlp_magpie,Sr3SbCl3,1.540554
verified_only,gkf,2,10,mlp_magpie,Ba3AsCl3,1.598893
verified_only,gkf,2,10,mlp_magpie,Ca3AsBr3,1.715086
verified_only,gkf,2,10,mlp_magpie,Sr3AsI3,1.089314
verified_only,gkf,2,10,mlp_magpie,Ca3PCl3,1.865055
verified_only,gkf,2,10,mlp_magpie,Ca3PI3,1.512469
verified_only,gkf,2,10,mlp_magpie,Mg3SbBr3,0.948822
verified_only,gkf,2,10,mlp_magpie,Sr3SbI3,1.056111
verified_only,gkf,2,11,mlp_magpie,Sr3AsCl3,1.483676
verified_only,gkf,2,11,mlp_magpie,Mg3BiBr3,1.037272
verified_only,gkf,2,11,mlp_magpie,Mg3PCl3,2.415795
verified_only,gkf,2,11,mlp_magpie,Sr3PBr3,1.469077
verified_only,gkf,2,11,mlp_magpie,Mg3SbI3,0.20704
verified_only,gkf,2,11,mlp_magpie,Sr3SbCl3,1.411174
verified_only,gkf,2,12,mlp_magpie,Ba3AsI3,1.088919
verified_only,gkf,2,12,mlp_magpie,Ca3AsF3,2.254554
verified_only,gkf,2,12,mlp_magpie,Ca3PF3,2.330337
verified_only,gkf,2,12,mlp_magpie,Mg3PI3,0.829322
verified_only,gkf,2,12,mlp_magpie,Ca3SbCl3,1.70097
verified_only,gkf,2,12,mlp_magpie,Mg3SbCl3,1.868301
verified_only,gkf,2,13,mlp_magpie,Mg3BiI3,0.305295
verified_only,gkf,2,13,mlp_magpie,Mg3PBr3,1.384976
verified_only,gkf,2,13,mlp_magpie,Sr3PCl3,1.887098
verified_only,gkf,2,13,mlp_magpie,Ba3SbI3,1.099376
verified_only,gkf,2,13,mlp_magpie,Ca3SbF3,2.163909
verified_only,gkf,2,13,mlp_magpie,Mg3SbF3,2.108156
verified_only,gkf,2,14,mlp_magpie,Mg3AsBr3,1.228203
verified_only,gkf,2,14,mlp_magpie,Ca3BiI3,1.182373
verified_only,gkf,2,14,mlp_magpie,Ca3PBr3,1.720713
verified_only,gkf,2,14,mlp_magpie,Sr3PI3,1.341476
verified_only,gkf,2,14,mlp_magpie,Ba3SbBr3,0.956445
verified_only,gkf,2,14,mlp_magpie,Ca3SbBr3,1.597228
verified_only,gkf,3,15,mlp_magpie,Ba3AsI3,1.11272
verified_only,gkf,3,15,mlp_magpie,Ca3AsBr3,1.783858
verified_only,gkf,3,15,mlp_magpie,Ca3AsF3,2.519869
verified_only,gkf,3,15,mlp_magpie,Sr3AsI3,1.35793
verified_only,gkf,3,15,mlp_magpie,Ca3PF3,2.666507
verified_only,gkf,3,15,mlp_magpie,Mg3PCl3,2.353304
verified_only,gkf,3,15,mlp_magpie,Ba3SbI3,1.19434
verified_only,gkf,3,16,mlp_magpie,Mg3BiI3,0.506422
verified_only,gkf,3,16,mlp_magpie,Ca3PI3,1.409044
verified_only,gkf,3,16,mlp_magpie,Sr3PCl3,1.894859
verified_only,gkf,3,16,mlp_magpie,Ba3SbBr3,1.01359
verified_only,gkf,3,16,mlp_magpie,Ca3SbF3,2.458914
verified_only,gkf,3,16,mlp_magpie,Sr3SbCl3,1.53552
verified_only,gkf,3,17,mlp_magpie,Ca3BiI3,1.131565
verified_only,gkf,3,17,mlp_magpie,Ca3PBr3,1.64079
verified_only,gkf,3,17,mlp_magpie,Mg3PI3,0.736455
verified_only,gkf,3,17,mlp_magpie,Ca3SbBr3,1.527248
verified_only,gkf,3,17,mlp_magpie,Mg3SbCl3,1.609975
verified_only,gkf,3,17,mlp_magpie,Mg3SbF3,2.087214
verified_only,gkf,3,18,mlp_magpie,Ba3AsCl3,1.581163
verified_only,gkf,3,18,mlp_magpie,Sr3AsCl3,1.666879
verified_only,gkf,3,18,mlp_magpie,Ca3PCl3,1.912669
verified_only,gkf,3,18,mlp_magpie,Sr3PBr3,1.554545
verified_only,gkf,3,18,mlp_magpie,Sr3PI3,1.341654
verified_only,gkf,3,18,mlp_magpie,Mg3SbI3,0.267665
verified_only,gkf,3,19,mlp_magpie,Mg3AsBr3,1.143737
verified_only,gkf,3,19,mlp_magpie,Mg3BiBr3,0.730911
verified_only,gkf,3,19,mlp_magpie,Mg3PBr3,1.383564
verified_only,gkf,3,19,mlp_magpie,Ca3SbCl3,1.767174
verified_only,gkf,3,19,mlp_magpie,Mg3SbBr3,0.815813
verified_only,gkf,3,19,mlp_magpie,Sr3SbI3,1.218837
verified_only,gkf,4,20,mlp_magpie,Ca3AsF3,2.417109
verified_only,gkf,4,20,mlp_magpie,Sr3AsCl3,1.561621
verified_only,gkf,4,20,mlp_magpie,Ca3PI3,1.447203
verified_only,gkf,4,20,mlp_magpie,Mg3PCl3,2.410618
verified_only,gkf,4,20,mlp_magpie,Mg3PI3,0.56977
verified_only,gkf,4,20,mlp_magpie,Ba3SbI3,1.060161
verified_only,gkf,4,20,mlp_magpie,Ca3SbCl3,1.708794
verified_only,gkf,4,21,mlp_magpie,Mg3AsBr3,1.392852
verified_only,gkf,4,21,mlp_magpie,Mg3BiI3,0.397779
verified_only,gkf,4,21,mlp_magpie,Ca3PF3,2.321242
verified_only,gkf,4,21,mlp_magpie,Sr3PI3,1.31937
verified_only,gkf,4,21,mlp_magpie,Mg3SbF3,2.045274
verified_only,gkf,4,21,mlp_magpie,Sr3SbCl3,1.552035
verified_only,gkf,4,22,mlp_magpie,Mg3PBr3,1.556299
verified_only,gkf,4,22,mlp_magpie,Sr3PBr3,1.491282
verified_only,gkf,4,22,mlp_magpie,Ca3SbF3,2.499895
verified_only,gkf,4,22,mlp_magpie,Mg3SbBr3,1.191345
verified_only,gkf,4,22,mlp_magpie,Mg3SbCl3,1.994913
verified_only,gkf,4,22,mlp_magpie,Mg3SbI3,0.429235
verified_only,gkf,4,23,mlp_magpie,Ba3AsCl3,1.50496
verified_only,gkf,4,23,mlp_magpie,Ba3AsI3,0.884262
verified_only,gkf,4,23,mlp_magpie,Ca3AsBr3,1.763915
verified_only,gkf,4,23,mlp_magpie,Sr3AsI3,1.106798
verified_only,gkf,4,23,mlp_magpie,Mg3BiBr3,0.94384
verified_only,gkf,4,23,mlp_magpie,Ba3SbBr3,1.068944
verified_only,gkf,4,24,mlp_magpie,Ca3BiI3,1.077719
verified_only,gkf,4,24,mlp_magpie,Ca3PBr3,1.572228
verified_only,gkf,4,24,mlp_magpie,Ca3PCl3,1.89245
verified_only,gkf,4,24,mlp_magpie,Sr3PCl3,1.760517
verified_only,gkf,4,24,mlp_magpie,Ca3SbBr3,1.547733
verified_only,gkf,4,24,mlp_magpie,Sr3SbI3,1.102524
verified_only,gkf,5,25,mlp_magpie,Ba3AsCl3,1.495582
verified_only,gkf,5,25,mlp_magpie,Sr3AsCl3,1.594661
verified_only,gkf,5,25,mlp_magpie,Sr3AsI3,1.150704
verified_only,gkf,5,25,mlp_magpie,Ca3PBr3,1.497985
verified_only,gkf,5,25,mlp_magpie,Mg3PBr3,1.467629
verified_only,gkf,5,25,mlp_magpie,Ca3SbBr3,1.454608
verified_only,gkf,5,25,mlp_magpie,Ca3SbF3,2.347196
verified_only,gkf,5,26,mlp_magpie,Ba3AsI3,0.919256
verified_only,gkf,5,26,mlp_magpie,Ca3AsF3,2.260593
verified_only,gkf,5,26,mlp_magpie,Ca3PCl3,2.100882
verified_only,gkf,5,26,mlp_magpie,Ba3SbBr3,0.997968
verified_only,gkf,5,26,mlp_magpie,Mg3SbF3,2.051994
verified_only,gkf,5,26,mlp_magpie,Sr3SbI3,1.232135
verified_only,gkf,5,27,mlp_magpie,Mg3BiBr3,0.790597
verified_only,gkf,5,27,mlp_magpie,Ca3PI3,1.425247
verified_only,gkf,5,27,mlp_magpie,Mg3SbBr3,1.065464
verified_only,gkf,5,27,mlp_magpie,Mg3SbCl3,1.815291
verified_only,gkf,5,27,mlp_magpie,Mg3SbI3,0.358878
verified_only,gkf,5,27,mlp_magpie,Sr3SbCl3,1.503418
verified_only,gkf,5,28,mlp_magpie,Ca3AsBr3,1.772838
verified_only,gkf,5,28,mlp_magpie,Mg3AsBr3,1.162554
verified_only,gkf,5,28,mlp_magpie,Mg3PI3,0.690713
verified_only,gkf,5,28,mlp_magpie,Sr3PBr3,1.557935
verified_only,gkf,5,28,mlp_magpie,Sr3PI3,1.361348
verified_only,gkf,5,28,mlp_magpie,Ba3SbI3,1.074002
verified_only,gkf,5,29,mlp_magpie,Ca3BiI3,0.989614
verified_only,gkf,5,29,mlp_magpie,Mg3BiI3,0.303652
verified_only,gkf,5,29,mlp_magpie,Ca3PF3,2.509946
verified_only,gkf,5,29,mlp_magpie,Mg3PCl3,2.248047
verified_only,gkf,5,29,mlp_magpie,Sr3PCl3,1.814959
verified_only,gkf,5,29,mlp_magpie,Ca3SbCl3,1.731118
verified_only,gkf,6,30,mlp_magpie,Ba3AsI3,1.146098
verified_only,gkf,6,30,mlp_magpie,Mg3AsBr3,1.305876
verified_only,gkf,6,30,mlp_magpie,Mg3BiBr3,0.823159
verified_only,gkf,6,30,mlp_magpie,Mg3PBr3,1.616306
verified_only,gkf,6,30,mlp_magpie,Ba3SbI3,1.242061
verified_only,gkf,6,30,mlp_magpie,Ca3SbBr3,1.530128
verified_only,gkf,6,30,mlp_magpie,Mg3SbCl3,1.861998
verified_only,gkf,6,31,mlp_magpie,Ca3AsBr3,1.622015
verified_only,gkf,6,31,mlp_magpie,Mg3BiI3,0.379585
verified_only,gkf,6,31,mlp_magpie,Ca3PF3,2.442749
verified_only,gkf,6,31,mlp_magpie,Mg3PCl3,2.209871
verified_only,gkf,6,31,mlp_magpie,Sr3PI3,1.355757
verified_only,gkf,6,31,mlp_magpie,Mg3SbI3,0.31623
verified_only,gkf,6,32,mlp_magpie,Ca3AsF3,2.611296
verified_only,gkf,6,32,mlp_magpie,Ca3PBr3,1.755927
verified_only,gkf,6,32,mlp_magpie,Ca3SbF3,2.570564
verified_only,gkf,6,32,mlp_magpie,Mg3SbBr3,1.029721
verified_only,gkf,6,32,mlp_magpie,Sr3SbCl3,1.60914
verified_only,gkf,6,32,mlp_magpie,Sr3SbI3,1.144187
verified_only,gkf,6,33,mlp_magpie,Ba3AsCl3,1.484786
verified_only,gkf,6,33,mlp_magpie,Ca3PCl3,1.867208
verified_only,gkf,6,33,mlp_magpie,Mg3PI3,0.619423
verified_only,gkf,6,33,mlp_magpie,Sr3PBr3,1.457043
verified_only,gkf,6,33,mlp_magpie,Ba3SbBr3,1.060651
verified_only,gkf,6,33,mlp_magpie,Ca3SbCl3,1.712441
verified_only,gkf,6,34,mlp_magpie,Sr3AsCl3,1.6786
verified_only,gkf,6,34,mlp_magpie,Sr3AsI3,1.110975
verified_only,gkf,6,34,mlp_magpie,Ca3BiI3,1.100431
verified_only,gkf,6,34,mlp_magpie,Ca3PI3,1.331052
verified_only,gkf,6,34,mlp_magpie,Sr3PCl3,1.886873
verified_only,gkf,6,34,mlp_magpie,Mg3SbF3,2.152769
verified_only,gkf,7,35,mlp_magpie,Ca3PCl3,2.282748
verified_only,gkf,7,35,mlp_magpie,Ca3PI3,1.354619
verified_only,gkf,7,35,mlp_magpie,Sr3PBr3,1.480583
verified_only,gkf,7,35,mlp_magpie,Sr3PCl3,1.879914
verified_only,gkf,7,35,mlp_magpie,Ba3SbI3,1.021355
verified_only,gkf,7,35,mlp_magpie,Ca3SbCl3,1.83998
verified_only,gkf,7,35,mlp_magpie,Ca3SbF3,2.360687
verified_only,gkf,7,36,mlp_magpie,Ca3AsF3,2.469022
verified_only,gkf,7,36,mlp_magpie,Sr3AsCl3,1.570051
verified_only,gkf,7,36,mlp_magpie,Ca3PBr3,1.655181
verified_only,gkf,7,36,mlp_magpie,Ca3PF3,2.634346
verified_only,gkf,7,36,mlp_magpie,Mg3PBr3,1.46807
verified_only,gkf,7,36,mlp_magpie,Sr3PI3,1.358497
verified_only,gkf,7,37,mlp_magpie,Ba3AsCl3,1.525892
verified_only,gkf,7,37,mlp_magpie,Mg3AsBr3,1.416315
verified_only,gkf,7,37,mlp_magpie,Mg3BiBr3,0.861248
verified_only,gkf,7,37,mlp_magpie,Mg3PCl3,2.126517
verified_only,gkf,7,37,mlp_magpie,Mg3SbF3,2.203444
verified_only,gkf,7,37,mlp_magpie,Sr3SbCl3,1.618725
verified_only,gkf,7,38,mlp_magpie,Ca3AsBr3,1.666487
verified_only,gkf,7,38,mlp_magpie,Ba3SbBr3,1.057806
verified_only,gkf,7,38,mlp_magpie,Mg3SbBr3,1.105632
verified_only,gkf,7,38,mlp_magpie,Mg3SbCl3,1.946734
verified_only,gkf,7,38,mlp_magpie,Mg3SbI3,0.3625
verified_only,gkf,7,38,mlp_magpie,Sr3SbI3,1.242302
verified_only,gkf,7,39,mlp_magpie,Ba3AsI3,0.967966
verified_only,gkf,7,39,mlp_magpie,Sr3AsI3,1.196384
verified_only,gkf,7,39,mlp_magpie,Ca3BiI3,1.202638
verified_only,gkf,7,39,mlp_magpie,Mg3BiI3,0.685977
verified_only,gkf,7,39,mlp_magpie,Mg3PI3,0.749076
verified_only,gkf,7,39,mlp_magpie,Ca3SbBr3,1.589457
verified_only,gkf,8,40,mlp_magpie,Sr3AsI3,1.178998
verified_only,gkf,8,40,mlp_magpie,Mg3BiI3,0.216138
verified_only,gkf,8,40,mlp_magpie,Ca3PBr3,1.630758
verified_only,gkf,8,40,mlp_magpie,Mg3PBr3,1.417296
verified_only,gkf,8,40,mlp_magpie,Mg3PCl3,2.302384
verified_only,gkf,8,40,mlp_magpie,Sr3PBr3,1.505823
verified_only,gkf,8,40,mlp_magpie,Sr3PCl3,1.81222
verified_only,gkf,8,41,mlp_magpie,Mg3AsBr3,1.29928
verified_only,gkf,8,41,mlp_magpie,Ca3BiI3,1.099526
verified_only,gkf,8,41,mlp_magpie,Ca3PF3,2.39397
verified_only,gkf,8,41,mlp_magpie,Ca3SbBr3,1.456584
verified_only,gkf,8,41,mlp_magpie,Ca3SbF3,2.069667
verified_only,gkf,8,41,mlp_magpie,Mg3SbF3,2.040933
verified_only,gkf,8,42,mlp_magpie,Sr3AsCl3,1.469191
verified_only,gkf,8,42,mlp_magpie,Ca3PCl3,1.844027
verified_only,gkf,8,42,mlp_magpie,Ba3SbBr3,1.054469
verified_only,gkf,8,42,mlp_magpie,Ba3SbI3,0.957569
verified_only,gkf,8,42,mlp_magpie,Ca3SbCl3,1.679558
verified_only,gkf,8,42,mlp_magpie,Mg3SbBr3,1.019499
verified_only,gkf,8,43,mlp_magpie,Ba3AsCl3,1.570741
verified_only,gkf,8,43,mlp_magpie,Mg3BiBr3,0.928502
verified_only,gkf,8,43,mlp_magpie,Ca3PI3,1.526646
verified_only,gkf,8,43,mlp_magpie,Sr3PI3,1.357155
verified_only,gkf,8,43,mlp_magpie,Mg3SbCl3,1.981241
verified_only,gkf,8,43,mlp_magpie,Sr3SbCl3,1.638984
verified_only,gkf,8,44,mlp_magpie,Ba3AsI3,0.774114
verified_only,gkf,8,44,mlp_magpie,Ca3AsBr3,1.727524
verified_only,gkf,8,44,mlp_magpie,Ca3AsF3,2.496471
verified_only,gkf,8,44,mlp_magpie,Mg3PI3,0.627578
verified_only,gkf,8,44,mlp_magpie,Mg3SbI3,0.264758
verified_only,gkf,8,44,mlp_magpie,Sr3SbI3,1.094953
verified_only,gkf,9,45,mlp_magpie,Ca3AsF3,2.21046
verified_only,gkf,9,45,mlp_magpie,Sr3PBr3,1.496221
verified_only,gkf,9,45,mlp_magpie,Sr3PI3,1.274986
verified_only,gkf,9,45,mlp_magpie,Ba3SbI3,0.983784
verified_only,gkf,9,45,mlp_magpie,Mg3SbBr3,1.181958
verified_only,gkf,9,45,mlp_magpie,Mg3SbCl3,1.816407
verified_only,gkf,9,45,mlp_magpie,Mg3SbI3,0.548557
verified_only,gkf,9,46,mlp_magpie,Ca3AsBr3,1.547273
verified_only,gkf,9,46,mlp_magpie,Mg3AsBr3,1.253204
verified_only,gkf,9,46,mlp_magpie,Ca3PCl3,1.889305
verified_only,gkf,9,46,mlp_magpie,Mg3PI3,0.864721
verified_only,gkf,9,46,mlp_magpie,Ca3SbBr3,1.531455
verified_only,gkf,9,46,mlp_magpie,Ca3SbCl3,1.679749
verified_only,gkf,9,47,mlp_magpie,Ba3AsI3,1.097311
verified_only,gkf,9,47,mlp_magpie,Mg3BiBr3,1.141178
verified_only,gkf,9,47,mlp_magpie,Mg3BiI3,0.609285
verified_only,gkf,9,47,mlp_magpie,Mg3PCl3,2.110383
verified_only,gkf,9,47,mlp_magpie,Sr3PCl3,1.735866
verified_only,gkf,9,47,mlp_magpie,Ca3SbF3,2.23828
verified_only,gkf,9,48,mlp_magpie,Sr3AsI3,1.03195
verified_only,gkf,9,48,mlp_magpie,Ca3PF3,2.415238
verified_only,gkf,9,48,mlp_magpie,Ba3SbBr3,0.975552
verified_only,gkf,9,48,mlp_magpie,Mg3SbF3,2.164491
verified_only,gkf,9,48,mlp_magpie,Sr3SbCl3,1.513853
verified_only,gkf,9,48,mlp_magpie,Sr3SbI3,1.069213
verified_only,gkf,9,49,mlp_magpie,Ba3AsCl3,1.583044
verified_only,gkf,9,49,mlp_magpie,Sr3AsCl3,1.711134
verified_only,gkf,9,49,mlp_magpie,Ca3BiI3,1.052602
verified_only,gkf,9,49,mlp_magpie,Ca3PBr3,1.634561
verified_only,gkf,9,49,mlp_magpie,Ca3PI3,1.4006
verified_only,gkf,9,49,mlp_magpie,Mg3PBr3,1.472128
