formula,A,B,X,Eg_PBE_eV,C11_GPa,C12_GPa,C44_GPa,year,doi,note
Ca3BiI3,Ca,Bi,I,1.29,,,,2026,"NJC 2026,50,522 Islam",A3BiX3; Table1
Ca3BiBr3,Ca,Bi,Br,1.6,,,,2026,"NJC 2026,50,522 Islam",A3BiX3; Table1
Ca3BiCl3,Ca,Bi,Cl,1.76,,,,2026,"NJC 2026,50,522 Islam",A3BiX3; Table1
Mg3BiI3,Mg,Bi,I,0.867,65.09,21.42,15.81,2025,10.1039/D4RA08680C,Khandaker 2025 RSC Adv
Mg3BiBr3,Mg,Bi,Br,1.626,76.36,18.58,22.49,2025,10.1039/D4RA08680C,Khandaker 2025 RSC Adv
Ba3AsI3,Ba,As,I,0.834,56.31,6.58,8.01,2023,10.1016/j.heliyon.2023.e21675,Heliyon 2023
Ca3PI3,Ca,P,I,1.4909,55.62,35.32,17.27,2024,10.1016/j.heliyon.2024.e29144,Ca3PX3 GGA-PBE+elastic
Ca3PBr3,Ca,P,Br,1.9502,61.52,40.51,21.53,2024,10.1016/j.heliyon.2024.e29144,Ca3PX3 GGA-PBE+elastic
Ca3PCl3,Ca,P,Cl,2.2058,67.35,43.83,24.78,2024,10.1016/j.heliyon.2024.e29144,Ca3PX3 GGA-PBE+elastic
Ca3SbF3,Ca,Sb,F,2.24,,,,2024,10.1007/s11082-024-07968-2,Ca3SbX3 GGA-PBE
Ca3SbCl3,Ca,Sb,Cl,1.83,,,,2024,10.1007/s11082-024-07968-2,Ca3SbX3 GGA-PBE
Ca3SbBr3,Ca,Sb,Br,1.67,,,,2024,10.1007/s11082-024-07968-2,Ca3SbX3 GGA-PBE
Ca3SbI3,Ca,Sb,I,1.35,,,,2024,10.1007/s11082-024-07968-2,Ca3SbX3 GGA-PBE
Ca3AsCl3,Ca,As,Cl,1.742,,,,2024,10.1016/j.mtcomm.2024,Ca3AsCl3 GGA
Ca3AsI3,Ca,As,I,1.58,,,,2025,10.1134/S1063782625603371,Ca3AsX3 GGA
Sr3PCl3,Sr,P,Cl,1.7,,,,2024,10.1007/s11082-024-07388-2,Sr3PX3 GGA ambient
Sr3PBr3,Sr,P,Br,1.55,,,,2024,10.1007/s11082-024-07388-2,Sr3PX3 GGA ambient
Ba3AsCl3,Ba,As,Cl,0.942,,,,2025,10.1088/1402-4896/adee54,Ba3AsCl3 GGA
Sr3AsCl3,Sr,As,Cl,1.7,75.07,10.03,15.21,2024,10.1016/j.heliyon.2024.e35855,Sr3BCl3 GGA+elastic
Sr3SbCl3,Sr,Sb,Cl,1.72,65.29,8.4,12.57,2024,10.1016/j.heliyon.2024.e35855,Sr3BCl3 GGA+elastic
Mg3PCl3,Mg,P,Cl,2.297,,,,2025,10.1039/D5RA01185J,Mg3PX3 GGA
Mg3PBr3,Mg,P,Br,1.506,,,,2025,10.1039/D5RA01185J,Mg3PX3 GGA
Ba3SbI3,Ba,Sb,I,0.78,,,,2024,10.1007/s10853-024-10487-w,Ba3MI3 GGA
Sr3BiI3,Sr,Bi,I,1.324,60.324,9.446,,2026,"NJC 2026,50,522 Islam",TARGET
Sr3BiBr3,Sr,Bi,Br,1.512,,10.4,,2026,"NJC 2026,50,522 Islam",TARGET
Sr3BiCl3,Sr,Bi,Cl,1.731,,11.51,,2026,"NJC 2026,50,522 Islam",TARGET
