formula,A,B,X,Eg_eV,functional,soc,gap_type,code,lattice_a_A,doi,doi_verified,arxiv_id,year,evidence,fetch_status,note
Ba3PCl3,Ba,P,Cl,0.964,PBE,no,direct,VASP,6.44,,false,2604.01942,2026,"SM Table S4 row Ba3PA3/Cl: PBE w/o SOC 0.964, w/ SOC 0.929; HSE06 w/o 1.68, w/ 1.639",full_text,arXiv preprint; all direct at Gamma per main text; lattice from Table 1
Ba3PCl3,Ba,P,Cl,0.929,PBE+SOC,yes,direct,VASP,6.44,,false,2604.01942,2026,"SM Table S4 row Ba3PA3/Cl: PBE w/o SOC 0.964, w/ SOC 0.929; HSE06 w/o 1.68, w/ 1.639",full_text,arXiv preprint
Ba3PCl3,Ba,P,Cl,1.68,HSE06,no,direct,VASP,6.44,,false,2604.01942,2026,"SM Table S4 row Ba3PA3/Cl: PBE w/o SOC 0.964, w/ SOC 0.929; HSE06 w/o 1.68, w/ 1.639",full_text,arXiv preprint; not trainable
Ba3PCl3,Ba,P,Cl,1.639,HSE06+SOC,yes,direct,VASP,6.44,,false,2604.01942,2026,"SM Table S4 row Ba3PA3/Cl: PBE w/o SOC 0.964, w/ SOC 0.929; HSE06 w/o 1.68, w/ 1.639",full_text,arXiv preprint; not trainable
Ba3PCl3,Ba,P,Cl,2.17,G0W0@PBE+SOC,yes,direct,VASP,6.44,,false,2604.01942,2026,Main Table 1 G0W0@PBE+SOC column: 2.17,full_text,arXiv preprint; SOC added perturbatively from HSE06 delta; not trainable
Ba3PBr3,Ba,P,Br,0.944,PBE,no,direct,VASP,6.62,,false,2604.01942,2026,"SM Table S4 row Ba3PA3/Br: PBE w/o SOC 0.944, w/ SOC 0.918; HSE06 w/o 1.631, w/ 1.601",full_text,arXiv preprint; all direct at Gamma per main text; lattice from Table 1
Ba3PBr3,Ba,P,Br,0.918,PBE+SOC,yes,direct,VASP,6.62,,false,2604.01942,2026,"SM Table S4 row Ba3PA3/Br: PBE w/o SOC 0.944, w/ SOC 0.918; HSE06 w/o 1.631, w/ 1.601",full_text,arXiv preprint
Ba3PBr3,Ba,P,Br,1.631,HSE06,no,direct,VASP,6.62,,false,2604.01942,2026,"SM Table S4 row Ba3PA3/Br: PBE w/o SOC 0.944, w/ SOC 0.918; HSE06 w/o 1.631, w/ 1.601",full_text,arXiv preprint; not trainable
Ba3PBr3,Ba,P,Br,1.601,HSE06+SOC,yes,direct,VASP,6.62,,false,2604.01942,2026,"SM Table S4 row Ba3PA3/Br: PBE w/o SOC 0.944, w/ SOC 0.918; HSE06 w/o 1.631, w/ 1.601",full_text,arXiv preprint; not trainable
Ba3PBr3,Ba,P,Br,2.05,G0W0@PBE+SOC,yes,direct,VASP,6.62,,false,2604.01942,2026,Main Table 1 G0W0@PBE+SOC column: 2.05,full_text,arXiv preprint; SOC added perturbatively from HSE06 delta; not trainable
Ba3PI3,Ba,P,I,0.764,PBE,no,direct,VASP,6.87,,false,2604.01942,2026,"SM Table S4 row Ba3PA3/I: PBE w/o SOC 0.764, w/ SOC 0.746; HSE06 w/o 1.398, w/ 1.377",full_text,arXiv preprint; all direct at Gamma per main text; lattice from Table 1
Ba3PI3,Ba,P,I,0.746,PBE+SOC,yes,direct,VASP,6.87,,false,2604.01942,2026,"SM Table S4 row Ba3PA3/I: PBE w/o SOC 0.764, w/ SOC 0.746; HSE06 w/o 1.398, w/ 1.377",full_text,arXiv preprint
Ba3PI3,Ba,P,I,1.398,HSE06,no,direct,VASP,6.87,,false,2604.01942,2026,"SM Table S4 row Ba3PA3/I: PBE w/o SOC 0.764, w/ SOC 0.746; HSE06 w/o 1.398, w/ 1.377",full_text,arXiv preprint; not trainable
Ba3PI3,Ba,P,I,1.377,HSE06+SOC,yes,direct,VASP,6.87,,false,2604.01942,2026,"SM Table S4 row Ba3PA3/I: PBE w/o SOC 0.764, w/ SOC 0.746; HSE06 w/o 1.398, w/ 1.377",full_text,arXiv preprint; not trainable
Ba3PI3,Ba,P,I,1.72,G0W0@PBE+SOC,yes,direct,VASP,6.87,,false,2604.01942,2026,Main Table 1 G0W0@PBE+SOC column: 1.72,full_text,arXiv preprint; SOC added perturbatively from HSE06 delta; not trainable
Ba3AsCl3,Ba,As,Cl,0.969,PBE,no,direct,VASP,6.51,,false,2604.01942,2026,"SM Table S4 row Ba3AsA3/Cl: PBE w/o SOC 0.969, w/ SOC 0.92; HSE06 w/o 1.668, w/ 1.596",full_text,arXiv preprint; all direct at Gamma per main text; lattice from Table 1
Ba3AsCl3,Ba,As,Cl,0.92,PBE+SOC,yes,direct,VASP,6.51,,false,2604.01942,2026,"SM Table S4 row Ba3AsA3/Cl: PBE w/o SOC 0.969, w/ SOC 0.92; HSE06 w/o 1.668, w/ 1.596",full_text,arXiv preprint
Ba3AsCl3,Ba,As,Cl,1.668,HSE06,no,direct,VASP,6.51,,false,2604.01942,2026,"SM Table S4 row Ba3AsA3/Cl: PBE w/o SOC 0.969, w/ SOC 0.92; HSE06 w/o 1.668, w/ 1.596",full_text,arXiv preprint; not trainable
Ba3AsCl3,Ba,As,Cl,1.596,HSE06+SOC,yes,direct,VASP,6.51,,false,2604.01942,2026,"SM Table S4 row Ba3AsA3/Cl: PBE w/o SOC 0.969, w/ SOC 0.92; HSE06 w/o 1.668, w/ 1.596",full_text,arXiv preprint; not trainable
Ba3AsCl3,Ba,As,Cl,2.04,G0W0@PBE+SOC,yes,direct,VASP,6.51,,false,2604.01942,2026,Main Table 1 G0W0@PBE+SOC column: 2.04,full_text,arXiv preprint; SOC added perturbatively from HSE06 delta; not trainable
Ba3AsBr3,Ba,As,Br,0.92,PBE,no,direct,VASP,6.66,,false,2604.01942,2026,"SM Table S4 row Ba3AsA3/Br: PBE w/o SOC 0.92, w/ SOC 0.864; HSE06 w/o 1.596, w/ 1.521",full_text,arXiv preprint; all direct at Gamma per main text; lattice from Table 1
Ba3AsBr3,Ba,As,Br,0.864,PBE+SOC,yes,direct,VASP,6.66,,false,2604.01942,2026,"SM Table S4 row Ba3AsA3/Br: PBE w/o SOC 0.92, w/ SOC 0.864; HSE06 w/o 1.596, w/ 1.521",full_text,arXiv preprint
Ba3AsBr3,Ba,As,Br,1.596,HSE06,no,direct,VASP,6.66,,false,2604.01942,2026,"SM Table S4 row Ba3AsA3/Br: PBE w/o SOC 0.92, w/ SOC 0.864; HSE06 w/o 1.596, w/ 1.521",full_text,arXiv preprint; not trainable
Ba3AsBr3,Ba,As,Br,1.521,HSE06+SOC,yes,direct,VASP,6.66,,false,2604.01942,2026,"SM Table S4 row Ba3AsA3/Br: PBE w/o SOC 0.92, w/ SOC 0.864; HSE06 w/o 1.596, w/ 1.521",full_text,arXiv preprint; not trainable
Ba3AsBr3,Ba,As,Br,1.91,G0W0@PBE+SOC,yes,direct,VASP,6.66,,false,2604.01942,2026,Main Table 1 G0W0@PBE+SOC column: 1.91,full_text,arXiv preprint; SOC added perturbatively from HSE06 delta; not trainable
Ba3AsI3,Ba,As,I,0.77,PBE,no,direct,VASP,6.91,,false,2604.01942,2026,"SM Table S4 row Ba3AsA3/I: PBE w/o SOC 0.77, w/ SOC 0.693; HSE06 w/o 1.387, w/ 1.292",full_text,arXiv preprint; all direct at Gamma per main text; lattice from Table 1
Ba3AsI3,Ba,As,I,0.693,PBE+SOC,yes,direct,VASP,6.91,,false,2604.01942,2026,"SM Table S4 row Ba3AsA3/I: PBE w/o SOC 0.77, w/ SOC 0.693; HSE06 w/o 1.387, w/ 1.292",full_text,arXiv preprint
Ba3AsI3,Ba,As,I,1.387,HSE06,no,direct,VASP,6.91,,false,2604.01942,2026,"SM Table S4 row Ba3AsA3/I: PBE w/o SOC 0.77, w/ SOC 0.693; HSE06 w/o 1.387, w/ 1.292",full_text,arXiv preprint; not trainable
Ba3AsI3,Ba,As,I,1.292,HSE06+SOC,yes,direct,VASP,6.91,,false,2604.01942,2026,"SM Table S4 row Ba3AsA3/I: PBE w/o SOC 0.77, w/ SOC 0.693; HSE06 w/o 1.387, w/ 1.292",full_text,arXiv preprint; not trainable
Ba3AsI3,Ba,As,I,1.57,G0W0@PBE+SOC,yes,direct,VASP,6.91,,false,2604.01942,2026,Main Table 1 G0W0@PBE+SOC column: 1.57,full_text,arXiv preprint; SOC added perturbatively from HSE06 delta; not trainable
Ba3SbCl3,Ba,Sb,Cl,1.002,PBE,no,direct,VASP,6.7,,false,2604.01942,2026,"SM Table S4 row Ba3SbA3/Cl: PBE w/o SOC 1.002, w/ SOC 0.865; HSE06 w/o 1.704, w/ 1.552",full_text,arXiv preprint; all direct at Gamma per main text; lattice from Table 1
Ba3SbCl3,Ba,Sb,Cl,0.865,PBE+SOC,yes,direct,VASP,6.7,,false,2604.01942,2026,"SM Table S4 row Ba3SbA3/Cl: PBE w/o SOC 1.002, w/ SOC 0.865; HSE06 w/o 1.704, w/ 1.552",full_text,arXiv preprint
Ba3SbCl3,Ba,Sb,Cl,1.704,HSE06,no,direct,VASP,6.7,,false,2604.01942,2026,"SM Table S4 row Ba3SbA3/Cl: PBE w/o SOC 1.002, w/ SOC 0.865; HSE06 w/o 1.704, w/ 1.552",full_text,arXiv preprint; not trainable
Ba3SbCl3,Ba,Sb,Cl,1.552,HSE06+SOC,yes,direct,VASP,6.7,,false,2604.01942,2026,"SM Table S4 row Ba3SbA3/Cl: PBE w/o SOC 1.002, w/ SOC 0.865; HSE06 w/o 1.704, w/ 1.552",full_text,arXiv preprint; not trainable
Ba3SbCl3,Ba,Sb,Cl,1.98,G0W0@PBE+SOC,yes,direct,VASP,6.7,,false,2604.01942,2026,Main Table 1 G0W0@PBE+SOC column: 1.98,full_text,arXiv preprint; SOC added perturbatively from HSE06 delta; not trainable
Ba3SbBr3,Ba,Sb,Br,0.973,PBE,no,direct,VASP,6.85,,false,2604.01942,2026,"SM Table S4 row Ba3SbA3/Br: PBE w/o SOC 0.973, w/ SOC 0.83; HSE06 w/o 1.652, w/ 1.484",full_text,arXiv preprint; all direct at Gamma per main text; lattice from Table 1
Ba3SbBr3,Ba,Sb,Br,0.83,PBE+SOC,yes,direct,VASP,6.85,,false,2604.01942,2026,"SM Table S4 row Ba3SbA3/Br: PBE w/o SOC 0.973, w/ SOC 0.83; HSE06 w/o 1.652, w/ 1.484",full_text,arXiv preprint
Ba3SbBr3,Ba,Sb,Br,1.652,HSE06,no,direct,VASP,6.85,,false,2604.01942,2026,"SM Table S4 row Ba3SbA3/Br: PBE w/o SOC 0.973, w/ SOC 0.83; HSE06 w/o 1.652, w/ 1.484",full_text,arXiv preprint; not trainable
Ba3SbBr3,Ba,Sb,Br,1.484,HSE06+SOC,yes,direct,VASP,6.85,,false,2604.01942,2026,"SM Table S4 row Ba3SbA3/Br: PBE w/o SOC 0.973, w/ SOC 0.83; HSE06 w/o 1.652, w/ 1.484",full_text,arXiv preprint; not trainable
Ba3SbBr3,Ba,Sb,Br,1.86,G0W0@PBE+SOC,yes,direct,VASP,6.85,,false,2604.01942,2026,Main Table 1 G0W0@PBE+SOC column: 1.86,full_text,arXiv preprint; SOC added perturbatively from HSE06 delta; not trainable
Ba3SbI3,Ba,Sb,I,0.874,PBE,no,direct,VASP,7.11,,false,2604.01942,2026,"SM Table S4 row Ba3SbA3/I: PBE w/o SOC 0.874, w/ SOC 0.717; HSE06 w/o 1.502, w/ 1.295",full_text,arXiv preprint; all direct at Gamma per main text; lattice from Table 1
Ba3SbI3,Ba,Sb,I,0.717,PBE+SOC,yes,direct,VASP,7.11,,false,2604.01942,2026,"SM Table S4 row Ba3SbA3/I: PBE w/o SOC 0.874, w/ SOC 0.717; HSE06 w/o 1.502, w/ 1.295",full_text,arXiv preprint
Ba3SbI3,Ba,Sb,I,1.502,HSE06,no,direct,VASP,7.11,,false,2604.01942,2026,"SM Table S4 row Ba3SbA3/I: PBE w/o SOC 0.874, w/ SOC 0.717; HSE06 w/o 1.502, w/ 1.295",full_text,arXiv preprint; not trainable
Ba3SbI3,Ba,Sb,I,1.295,HSE06+SOC,yes,direct,VASP,7.11,,false,2604.01942,2026,"SM Table S4 row Ba3SbA3/I: PBE w/o SOC 0.874, w/ SOC 0.717; HSE06 w/o 1.502, w/ 1.295",full_text,arXiv preprint; not trainable
Ba3SbI3,Ba,Sb,I,1.6,G0W0@PBE+SOC,yes,direct,VASP,7.11,,false,2604.01942,2026,Main Table 1 G0W0@PBE+SOC column: 1.6,full_text,arXiv preprint; SOC added perturbatively from HSE06 delta; not trainable
Ba3BiCl3,Ba,Bi,Cl,0.957,PBE,no,direct,VASP,6.74,,false,2604.01942,2026,"SM Table S4 row Ba3BiA3/Cl: PBE w/o SOC 0.957, w/ SOC 0.531; HSE06 w/o 1.601, w/ 1.132",full_text,arXiv preprint; all direct at Gamma per main text; lattice from Table 1
Ba3BiCl3,Ba,Bi,Cl,0.531,PBE+SOC,yes,direct,VASP,6.74,,false,2604.01942,2026,"SM Table S4 row Ba3BiA3/Cl: PBE w/o SOC 0.957, w/ SOC 0.531; HSE06 w/o 1.601, w/ 1.132",full_text,arXiv preprint
Ba3BiCl3,Ba,Bi,Cl,1.601,HSE06,no,direct,VASP,6.74,,false,2604.01942,2026,"SM Table S4 row Ba3BiA3/Cl: PBE w/o SOC 0.957, w/ SOC 0.531; HSE06 w/o 1.601, w/ 1.132",full_text,arXiv preprint; not trainable
Ba3BiCl3,Ba,Bi,Cl,1.132,HSE06+SOC,yes,direct,VASP,6.74,,false,2604.01942,2026,"SM Table S4 row Ba3BiA3/Cl: PBE w/o SOC 0.957, w/ SOC 0.531; HSE06 w/o 1.601, w/ 1.132",full_text,arXiv preprint; not trainable
Ba3BiCl3,Ba,Bi,Cl,1.64,G0W0@PBE+SOC,yes,direct,VASP,6.74,,false,2604.01942,2026,Main Table 1 G0W0@PBE+SOC column: 1.64,full_text,arXiv preprint; SOC added perturbatively from HSE06 delta; not trainable
Ba3BiBr3,Ba,Bi,Br,0.912,PBE,no,direct,VASP,6.87,,false,2604.01942,2026,"SM Table S4 row Ba3BiA3/Br: PBE w/o SOC 0.912, w/ SOC 0.487; HSE06 w/o 1.533, w/ 1.053",full_text,arXiv preprint; all direct at Gamma per main text; lattice from Table 1
Ba3BiBr3,Ba,Bi,Br,0.487,PBE+SOC,yes,direct,VASP,6.87,,false,2604.01942,2026,"SM Table S4 row Ba3BiA3/Br: PBE w/o SOC 0.912, w/ SOC 0.487; HSE06 w/o 1.533, w/ 1.053",full_text,arXiv preprint
Ba3BiBr3,Ba,Bi,Br,1.533,HSE06,no,direct,VASP,6.87,,false,2604.01942,2026,"SM Table S4 row Ba3BiA3/Br: PBE w/o SOC 0.912, w/ SOC 0.487; HSE06 w/o 1.533, w/ 1.053",full_text,arXiv preprint; not trainable
Ba3BiBr3,Ba,Bi,Br,1.053,HSE06+SOC,yes,direct,VASP,6.87,,false,2604.01942,2026,"SM Table S4 row Ba3BiA3/Br: PBE w/o SOC 0.912, w/ SOC 0.487; HSE06 w/o 1.533, w/ 1.053",full_text,arXiv preprint; not trainable
Ba3BiBr3,Ba,Bi,Br,1.49,G0W0@PBE+SOC,yes,direct,VASP,6.87,,false,2604.01942,2026,Main Table 1 G0W0@PBE+SOC column: 1.49,full_text,arXiv preprint; SOC added perturbatively from HSE06 delta; not trainable
Ba3BiI3,Ba,Bi,I,0.786,PBE,no,direct,VASP,7.11,,false,2604.01942,2026,"SM Table S4 row Ba3BiA3/I: PBE w/o SOC 0.786, w/ SOC 0.362; HSE06 w/o 1.361, w/ 0.868",full_text,arXiv preprint; all direct at Gamma per main text; lattice from Table 1
Ba3BiI3,Ba,Bi,I,0.362,PBE+SOC,yes,direct,VASP,7.11,,false,2604.01942,2026,"SM Table S4 row Ba3BiA3/I: PBE w/o SOC 0.786, w/ SOC 0.362; HSE06 w/o 1.361, w/ 0.868",full_text,arXiv preprint
Ba3BiI3,Ba,Bi,I,1.361,HSE06,no,direct,VASP,7.11,,false,2604.01942,2026,"SM Table S4 row Ba3BiA3/I: PBE w/o SOC 0.786, w/ SOC 0.362; HSE06 w/o 1.361, w/ 0.868",full_text,arXiv preprint; not trainable
Ba3BiI3,Ba,Bi,I,0.868,HSE06+SOC,yes,direct,VASP,7.11,,false,2604.01942,2026,"SM Table S4 row Ba3BiA3/I: PBE w/o SOC 0.786, w/ SOC 0.362; HSE06 w/o 1.361, w/ 0.868",full_text,arXiv preprint; not trainable
Ba3BiI3,Ba,Bi,I,1.23,G0W0@PBE+SOC,yes,direct,VASP,7.11,,false,2604.01942,2026,Main Table 1 G0W0@PBE+SOC column: 1.23,full_text,arXiv preprint; SOC added perturbatively from HSE06 delta; not trainable
Mg3BiBr3,Mg,Bi,Br,1.071,PBE,no,indirect,QE,5.767,10.1039/d4ra09093d,true,,2025,"Table 4: ""Mg 3 BiBr 3 GGA Indirect 1.071 ... HSE06 Indirect 1.626""",full_text,Europe PMC PMC11840809; SOC omitted per text; CORRECTS existing row (1.626 is HSE06)
Mg3BiBr3,Mg,Bi,Br,1.626,HSE06,no,indirect,QE,5.767,10.1039/d4ra09093d,true,,2025,"Table 4: ""Mg 3 BiBr 3 GGA Indirect 1.071 ... HSE06 Indirect 1.626""",full_text,HSE06 value; existing CSV mislabels this as PBE
Mg3BiI3,Mg,Bi,I,0.224,PBE,no,indirect,QE,6.069,10.1039/d4ra09093d,true,,2025,"Table 4: ""Mg 3 BiI 3 GGA Indirect 0.224 This study HSE06 Indirect 0.867""",full_text,Europe PMC PMC11840809; CORRECTS existing row (0.867 is HSE06)
Mg3BiI3,Mg,Bi,I,0.867,HSE06,no,indirect,QE,6.069,10.1039/d4ra09093d,true,,2025,"Table 4: ""Mg 3 BiI 3 GGA Indirect 0.224 This study HSE06 Indirect 0.867""",full_text,HSE06 value; existing CSV mislabels this as PBE
Mg3PCl3,Mg,P,Cl,2.297,PBE,no,direct,CASTEP,5.26,10.1039/d5ra01185j,true,,2025,"Table 3: ""Mg 3 PCl 3 2.297 2.289 2.258 3.093"" (PBE, WC, PBEsol, HSE06)",full_text,Europe PMC PMC11963234; matches existing row
Mg3PCl3,Mg,P,Cl,3.093,HSE06,no,direct,CASTEP,5.26,10.1039/d5ra01185j,true,,2025,"Table 3: ""Mg 3 PCl 3 2.297 2.289 2.258 3.093""",full_text,
Mg3PBr3,Mg,P,Br,1.506,PBE,no,direct,CASTEP,5.48,10.1039/d5ra01185j,true,,2025,"Table 3: ""Mg 3 PBr 3 1.506 0.718 0.693 2.187""",full_text,Europe PMC; matches existing row; note PBE 1.506 vs WC/PBEsol ~0.7 internally inconsistent
Mg3PBr3,Mg,P,Br,2.187,HSE06,no,direct,CASTEP,5.48,10.1039/d5ra01185j,true,,2025,"Table 3: ""Mg 3 PBr 3 1.506 0.718 0.693 2.187""",full_text,
Ca3PI3,Ca,P,I,1.4909,PBE,no,direct,QE,6.206,10.1016/j.heliyon.2024.e29144,true,,2024,"Table 1: ""Ca3 P ... 1.4909(PBE)""; direct at Gamma",full_text,Europe PMC PMC11636901; matches existing row
Ca3PI3,Ca,P,I,1.2382,PBE+SOC,yes,direct,QE,6.206,10.1016/j.heliyon.2024.e29144,true,,2024,"Sec 3.3: ""SOC resulted in a bandgap energy value of ... 1.2382 eV""",full_text,
Ca3PBr3,Ca,P,Br,1.9502,PBE,no,direct,QE,5.923,10.1016/j.heliyon.2024.e29144,true,,2024,"Table 1: ""Ca3 P ... 1.9502(PBE)""; direct at Gamma",full_text,Europe PMC PMC11636901; matches existing row
Ca3PBr3,Ca,P,Br,1.6456,PBE+SOC,yes,direct,QE,5.923,10.1016/j.heliyon.2024.e29144,true,,2024,"Sec 3.3: ""SOC resulted in a bandgap energy value of ... 1.6456 eV""",full_text,
Ca3PCl3,Ca,P,Cl,2.2058,PBE,no,direct,QE,5.725,10.1016/j.heliyon.2024.e29144,true,,2024,"Table 1: ""Ca3 P ... 2.2058(PBE)""; direct at Gamma",full_text,Europe PMC PMC11636901; matches existing row
Ca3PCl3,Ca,P,Cl,1.9056,PBE+SOC,yes,direct,QE,5.725,10.1016/j.heliyon.2024.e29144,true,,2024,"Sec 3.3: ""SOC resulted in a bandgap energy value of ... 1.9056 eV""",full_text,
Ba3AsI3,Ba,As,I,0.834,PBE,no,direct,CASTEP,6.94,10.1016/j.heliyon.2023.e21675,true,,2023,"Sec 3.2: ""Without SOC the value of the bandgap was 0.834 eV""",full_text,Europe PMC PMC10661203; matches existing row
Ba3AsI3,Ba,As,I,0.77,PBE+SOC,yes,direct,CASTEP,6.94,10.1016/j.heliyon.2023.e21675,true,,2023,"Sec 3.2: ""including SOC it was changed to 0.77 eV""",full_text,
Ba3AsI3,Ba,As,I,1.35,HSE06,no,direct,CASTEP,6.94,10.1016/j.heliyon.2023.e21675,true,,2023,"""0.59 eV and 1.35 eV for meta-GGA-RSCAN and hybrid HSE06""",full_text,
Sr3AsI3,Sr,As,I,1.265,PBE,no,direct,QE,6.58,10.1016/j.heliyon.2023.e19271,true,,2023,"Table 1: ""Sr 3 AsI 3 6.58 6.58 [28] 1.265 (PBE)""",full_text,Europe PMC PMC10465963
Sr3AsI3,Sr,As,I,1.212,PBE+SOC,yes,direct,QE,6.58,10.1016/j.heliyon.2023.e19271,true,,2023,"""bandgap ... is lowered to 1.212 eV when the ... SOC effect is subjected""",full_text,
Sr3AsI3,Sr,As,I,1.94,HSE06,no,direct,QE,6.58,10.1016/j.heliyon.2023.e19271,true,,2023,"Table 1: ""1.265 (PBE) 1.94 (HSE) 1.94 (HSE) [28]""",full_text,HSE value identical to cited ref [28]; may be quoted not computed
Mg3SbI3,Mg,Sb,I,0.1057,PBE,no,indirect,QE,6.01,10.1016/j.heliyon.2024.e39218,true,,2024,"Table 1: ""Mg3 Sb I3 6.01 ... 0.1057(PBE)""",full_text,Europe PMC PMC11538743
Mg3SbI3,Mg,Sb,I,0.198,PBE+SOC,yes,indirect,QE,6.01,10.1016/j.heliyon.2024.e39218,true,,2024,"Sec 3.3: SOC gaps ""0.198 eV, 1.203 eV, 1.901 eV and 3.723 eV""",full_text,SOC raises gap here (unusual)
Mg3SbBr3,Mg,Sb,Br,0.9578,PBE,no,indirect,QE,5.72,10.1016/j.heliyon.2024.e39218,true,,2024,"Table 1: ""Mg3 Sb Br3 5.72 ... 0.9578(PBE)""",full_text,Europe PMC PMC11538743
Mg3SbBr3,Mg,Sb,Br,1.203,PBE+SOC,yes,indirect,QE,5.72,10.1016/j.heliyon.2024.e39218,true,,2024,"Sec 3.3: SOC gaps ""0.198 eV, 1.203 eV, 1.901 eV and 3.723 eV""",full_text,SOC raises gap here (unusual)
Mg3SbCl3,Mg,Sb,Cl,1.7283,PBE,no,indirect,QE,5.54,10.1016/j.heliyon.2024.e39218,true,,2024,"Table 1: ""Mg3 Sb Cl3 5.54 ... 1.7283(PBE)""",full_text,Europe PMC PMC11538743
Mg3SbCl3,Mg,Sb,Cl,1.901,PBE+SOC,yes,indirect,QE,5.54,10.1016/j.heliyon.2024.e39218,true,,2024,"Sec 3.3: SOC gaps ""0.198 eV, 1.203 eV, 1.901 eV and 3.723 eV""",full_text,SOC raises gap here (unusual)
Mg3SbF3,Mg,Sb,F,3.184,PBE,no,direct,QE,5.02,10.1016/j.heliyon.2024.e39218,true,,2024,"Table 1: ""Mg3 Sb F3 5.02 ... 3.184(PBE)""",full_text,Europe PMC PMC11538743
Mg3SbF3,Mg,Sb,F,3.723,PBE+SOC,yes,direct,QE,5.02,10.1016/j.heliyon.2024.e39218,true,,2024,"Sec 3.3: SOC gaps ""0.198 eV, 1.203 eV, 1.901 eV and 3.723 eV""",full_text,SOC raises gap here (unusual)
Sr3AsCl3,Sr,As,Cl,1.7,PBE,no,direct,QE,6.12,10.1016/j.heliyon.2024.e35855,true,,2024,"Table 1: ""Band Gap E g (Γ- Γ) in eV 1.70 PBE""; text: ""band gap of 1.70 eV""",full_text,Europe PMC PMC11365404; matches existing row
Sr3SbCl3,Sr,Sb,Cl,1.72,PBE,no,direct,QE,6.32,10.1016/j.heliyon.2024.e35855,true,,2024,"Text: ""Sr 3 SbCl 3 has a band gap of 1.72 eV under 0 GPa""",full_text,"matches existing row; HSE cell in Table 1 ambiguous, not recorded"
Mg3AsBr3,Mg,As,Br,1.2907,PBE,unknown,indirect,VASP,5.529,10.1021/acsomega.5c11440,true,2510.18579,2026,"Table 4: ""Mg3AsBr3 | 2.0645 | 1.2907"" (Eg HSE, Eg PBE); Table 1 PBE a=5.529",full_text,Europe PMC PMC12947050 (+arXiv preprint 2510.18579); gap Gamma->R; SOC not mentioned
Mg3AsBr3,Mg,As,Br,2.0645,HSE06,unknown,indirect,VASP,5.529,10.1021/acsomega.5c11440,true,2510.18579,2026,"Table 4: ""Mg3AsBr3 | 2.0645 | 1.2907"" (Eg HSE, Eg PBE); Table 1 PBE a=5.529",full_text,
Mg3SbBr3,Mg,Sb,Br,0.9259,PBE,unknown,indirect,VASP,5.715,10.1021/acsomega.5c11440,true,2510.18579,2026,"Table 4: ""Mg3SbBr3 | 1.6533 | 0.9259"" (Eg HSE, Eg PBE); Table 1 PBE a=5.715",full_text,Europe PMC PMC12947050 (+arXiv preprint 2510.18579); gap Gamma->R; SOC not mentioned
Mg3SbBr3,Mg,Sb,Br,1.6533,HSE06,unknown,indirect,VASP,5.715,10.1021/acsomega.5c11440,true,2510.18579,2026,"Table 4: ""Mg3SbBr3 | 1.6533 | 0.9259"" (Eg HSE, Eg PBE); Table 1 PBE a=5.715",full_text,
Mg3BiBr3,Mg,Bi,Br,0.8587,PBE,unknown,indirect,VASP,5.776,10.1021/acsomega.5c11440,true,2510.18579,2026,"Table 4: ""Mg3BiBr3 | 1.5226 | 0.8587"" (Eg HSE, Eg PBE); Table 1 PBE a=5.776",full_text,Europe PMC PMC12947050 (+arXiv preprint 2510.18579); gap Gamma->R; SOC not mentioned
Mg3BiBr3,Mg,Bi,Br,1.5226,HSE06,unknown,indirect,VASP,5.776,10.1021/acsomega.5c11440,true,2510.18579,2026,"Table 4: ""Mg3BiBr3 | 1.5226 | 0.8587"" (Eg HSE, Eg PBE); Table 1 PBE a=5.776",full_text,
Ca3AsBr3,Ca,As,Br,1.634,PBE,no,direct,CASTEP,,10.1021/acsomega.3c08131,true,,2024,"""0 GPa (1.634 eV)""; ""bandgap value of around 1.63 eV when applying the PBE functional""",full_text,Europe PMC PMC10882653; SOC not mentioned; lattice not stated in text read
Ca3AsBr3,Ca,As,Br,1.66,PBE,unknown,direct,QE,5.98,10.1038/s41598-026-48441-2,true,,2026,"""direct band gaps are obtained to be 2.45 eV and 1.66 eV at the HSE and PBE""",full_text,Europe PMC PMC13324049; methods say Quantum ESPRESSO (ref list cites CASTEP)
Ca3AsBr3,Ca,As,Br,2.45,HSE06,unknown,direct,QE,5.98,10.1038/s41598-026-48441-2,true,,2026,"""direct band gaps are obtained to be 2.45 eV and 1.66 eV at the HSE and PBE""",full_text,HSE variant not specified as 06
Ba3SbI3,Ba,Sb,I,0.78,PBE,no,direct,CASTEP,7.05,10.3390/nano15211656,true,,2025,"Abstract: ""direct bandgap of 0.78 eV (PBE) and 1.602 eV (HSE06)""; Table 1 a=7.05",full_text,Europe PMC PMC12608577; body text says 5.05 A (typo) vs Table 1 7.05; matches existing Ba3SbI3 0.78 (different paper)
Ba3SbI3,Ba,Sb,I,1.602,HSE06,no,direct,CASTEP,7.05,10.3390/nano15211656,true,,2025,"Abstract: ""1.602 eV (HSE06)""; SOC not included in HSE per text",full_text,
Ca3PF3,Ca,P,F,2.518,PBE,no,direct,WIEN2k,5.321,10.5488/cmp.29.23701,true,2606.22104,2026,"Table 1: ""Ca3PF3 5.321 ... 2.518 3.788"" (PBE, PBE+TB-mBJ)",full_text,CMP 2026 29 23701 (arXiv 2606.22104 read)
Ca3PF3,Ca,P,F,3.788,TB-mBJ,no,direct,WIEN2k,5.321,10.5488/cmp.29.23701,true,2606.22104,2026,"Table 1: ""Ca3PF3 5.321 ... 2.518 3.788"" (PBE, PBE+TB-mBJ)",full_text,mBJ; not trainable
Ca3PCl3,Ca,P,Cl,1.978,PBE,no,direct,WIEN2k,5.713,10.5488/cmp.29.23701,true,2606.22104,2026,"Table 1: ""Ca3PCl3 5.713 ... 1.978 2.858"" (PBE, PBE+TB-mBJ)",full_text,CMP 2026 29 23701 (arXiv 2606.22104 read)
Ca3PCl3,Ca,P,Cl,2.858,TB-mBJ,no,direct,WIEN2k,5.713,10.5488/cmp.29.23701,true,2606.22104,2026,"Table 1: ""Ca3PCl3 5.713 ... 1.978 2.858"" (PBE, PBE+TB-mBJ)",full_text,mBJ; not trainable
Ca3PBr3,Ca,P,Br,1.819,PBE,no,direct,WIEN2k,5.904,10.5488/cmp.29.23701,true,2606.22104,2026,"Table 1: ""Ca3PBr3 5.904 ... 1.819 2.553"" (PBE, PBE+TB-mBJ)",full_text,CMP 2026 29 23701 (arXiv 2606.22104 read)
Ca3PBr3,Ca,P,Br,2.553,TB-mBJ,no,direct,WIEN2k,5.904,10.5488/cmp.29.23701,true,2606.22104,2026,"Table 1: ""Ca3PBr3 5.904 ... 1.819 2.553"" (PBE, PBE+TB-mBJ)",full_text,mBJ; not trainable
Ca3PI3,Ca,P,I,1.469,PBE,no,direct,WIEN2k,6.2,10.5488/cmp.29.23701,true,2606.22104,2026,"Table 1: ""Ca3PI3 6.2 ... 1.469 2.0"" (PBE, PBE+TB-mBJ)",full_text,CMP 2026 29 23701 (arXiv 2606.22104 read)
Ca3PI3,Ca,P,I,2.0,TB-mBJ,no,direct,WIEN2k,6.2,10.5488/cmp.29.23701,true,2606.22104,2026,"Table 1: ""Ca3PI3 6.2 ... 1.469 2.0"" (PBE, PBE+TB-mBJ)",full_text,mBJ; not trainable
Ba3PCl3,Ba,P,Cl,0.95,PBE+SOC,yes,direct,QE,6.4255,10.31526/jais.2026.01,true,,2026,"Table 1 row 0.0% strain: ""6.4255 0.95 1.99"" (a, PBE-GGA gap, GW gap); SOC ""explicitly included""",full_text,conference proceedings (4th African Conf. Fund. Appl. Phys.); PBE-GGA column taken as with-SOC since methods say SOC included throughout
Ba3PCl3,Ba,P,Cl,1.99,G0W0@PBE+SOC,yes,direct,QE,6.4255,10.31526/jais.2026.01,true,,2026,"Abstract: ""one-shot GW ... direct quasiparticle band gap of 1.99 eV""",full_text,GW via YAMBO; not trainable
Sr3PI3,Sr,P,I,1.258,PBE,no,direct,unknown,,10.1088/1402-4896/acfce9,true,,2023,"Abstract: ""direct bandgap of 1.258 eV (PBE)""",abstract_only,publisher OA page 403 to curl; abstract via CrossRef + WebFetch
Sr3PI3,Sr,P,I,1.242,PBE+SOC,yes,direct,unknown,,10.1088/1402-4896/acfce9,true,,2023,"Abstract: ""SOC ... causes the bandgap of Sr3PI3 to decrease to 1.242 eV""",abstract_only,
Ca3BiI3,Ca,Bi,I,1.36,PBE,unknown,unknown,WIEN2k,6.38,10.1088/1361-6641/ada17e,true,,2024,"Abstract: ""GGA-PBE ... band gaps are 1.36 eV for Ca3BiI3""; a=6.38",abstract_only,SOC not mentioned in abstract; Sr3BiI3 values from same paper withheld (hold-out)
Ca3BiI3,Ca,Bi,I,1.79,TB-mBJ,unknown,unknown,WIEN2k,6.38,10.1088/1361-6641/ada17e,true,,2024,"Abstract: ""increase to 1.79 eV and 1.61 eV ... after applying the TB-mBJ""",abstract_only,not trainable
Ca3AsBr3,Ca,As,Br,1.58,PBE,unknown,direct,unknown,5.932,10.1134/S1063782625603371,true,,2026,"Abstract: ""direct bandgap of 1.58 eV (GGA) and 2.44 eV (HSE06)""; title says GGA-PBE; a=5.932",abstract_only,this is the DOI the existing CSV cites for Ca3AsI3=1.58 -> existing row likely has the wrong formula
Ca3AsBr3,Ca,As,Br,2.44,HSE06,unknown,direct,unknown,5.932,10.1134/S1063782625603371,true,,2026,"Abstract: ""2.44 eV (HSE06)""",abstract_only,
Ca3AsI3,Ca,As,I,1.58,unstated,no,direct,unknown,,10.1063/5.0156961,true,,2023,"Abstract: ""direct bandgap of roughly 1.58 eV at the Γ(gamma)-point""",abstract_only,functional not named in abstract; full text 403; not marked trainable
Ca3AsI3,Ca,As,I,1.27,unstated+SOC,yes,direct,unknown,,10.1063/5.0156961,true,,2023,"Abstract: ""when the SOC relativistic effect is introduced, this value decreases to around 1.27 eV""",abstract_only,
Ca3PI3,Ca,P,I,1.582,PBE,no,direct,unknown,,10.1002/nano.202300066,true,,2023,"Abstract: ""direct bandgap of 1.582 eV (PBE) at its Г(gamma)-point""",abstract_only,"conflicts with 1.4909 (QE, Heliyon e29144) and 1.469 (WIEN2k, CMP)"
Ca3PI3,Ca,P,I,1.329,PBE+SOC,yes,direct,unknown,,10.1002/nano.202300066,true,,2023,"Abstract: ""SOC effect is included, the bandgap decreases to 1.329 eV""",abstract_only,
Ca3PI3,Ca,P,I,1.465,GGA,unknown,direct,WIEN2k,,10.1134/s1063783425600335,true,,2025,"Abstract: ""direct bandgaps of 1.465 eV (Ca3PI3), 0.842 eV (Ba3PI3), and 0.566 eV (Mg3PI3)""",abstract_only,GGA flavour not named in abstract
Ba3PI3,Ba,P,I,0.842,GGA,unknown,direct,WIEN2k,,10.1134/s1063783425600335,true,,2025,"Abstract: ""direct bandgaps of 1.465 eV (Ca3PI3), 0.842 eV (Ba3PI3), and 0.566 eV (Mg3PI3)""",abstract_only,GGA flavour not named in abstract
Mg3PI3,Mg,P,I,0.566,GGA,unknown,direct,WIEN2k,,10.1134/s1063783425600335,true,,2025,"Abstract: ""direct bandgaps of 1.465 eV (Ca3PI3), 0.842 eV (Ba3PI3), and 0.566 eV (Mg3PI3)""",abstract_only,GGA flavour not named in abstract
Mg3PI3,Mg,P,I,0.377,PBE,unknown,direct,unknown,,10.1142/s1793292025500481,true,,2025,"Abstract: ""direct bandgap of 0.377 (0.98) eV at the Γ point using the PBE (HSE)""",abstract_only,conflicts with 0.566 (WIEN2k GGA)
Mg3PI3,Mg,P,I,0.98,HSE,unknown,direct,unknown,,10.1142/s1793292025500481,true,,2025,"Abstract: ""0.377 (0.98) eV ... PBE (HSE)""",abstract_only,HSE variant unstated
Ca3SbBr3,Ca,Sb,Br,1.782,PBE,unknown,direct,QuantumATK,6.336,10.1134/s1063783424601486,true,,2024,"Abstract: ""direct band gap of 1.782 eV with GGA and 2.592 eV with HSE06""; title GGA-PBE",abstract_only,conflicts with existing CSV Ca3SbBr3=1.67 (whose cited DOI is a Ca3SbCl3-only paper)
Ca3SbBr3,Ca,Sb,Br,2.592,HSE06,unknown,direct,QuantumATK,6.336,10.1134/s1063783424601486,true,,2024,"Abstract: ""2.592 eV with HSE06""",abstract_only,
Ca3SbCl3,Ca,Sb,Cl,1.814,GGA,unknown,direct,unknown,6.0,10.1007/s11082-024-07968-2,true,,2024,"Abstract: ""direct band gap of 1.814 eV using GGA, while the HSE06 method indicates 2.67 eV""; a=6.00",abstract_only,"paper covers Ca3SbCl3 only -> existing CSV Ca3SbX3 rows (F/Br/I, Cl=1.83) are not from this DOI"
Ca3SbCl3,Ca,Sb,Cl,2.67,HSE06,unknown,direct,unknown,6.0,10.1007/s11082-024-07968-2,true,,2024,"Abstract: ""HSE06 method indicates 2.67 eV""",abstract_only,
Sr3PCl3,Sr,P,Cl,1.7,GGA,unknown,unknown,unknown,,10.1007/s11082-024-07388-2,true,,2024,"Abstract: ""GGA measurements show a decrease from 1.70 eV and 1.55 eV at ambient pressure""",abstract_only,matches existing row; GGA flavour not named in abstract
Sr3PBr3,Sr,P,Br,1.55,GGA,unknown,unknown,unknown,,10.1007/s11082-024-07388-2,true,,2024,"Abstract: ""from 1.70 eV and 1.55 eV at ambient pressure""",abstract_only,matches existing row
Sr3PCl3,Sr,P,Cl,2.73,TB-mBJ,unknown,unknown,unknown,,10.1007/s11082-024-07388-2,true,,2024,"Abstract: ""TB-mBJ results show a decrease from 2.73 eV and 2.40""",abstract_only,not trainable
Sr3PBr3,Sr,P,Br,2.4,TB-mBJ,unknown,unknown,unknown,,10.1007/s11082-024-07388-2,true,,2024,"Abstract: ""TB-mBJ results show a decrease from 2.73 eV and 2.40""",abstract_only,not trainable
Ba3AsCl3,Ba,As,Cl,0.942,PBE,unknown,direct,unknown,,10.1088/1402-4896/adee54,true,,2025,"Abstract: ""direct bandgaps of 0.942 eV (GGA), 1.216 eV (Meta-GGA), and 1.564 eV (HSE06)""; ""using GGA-PBE, Meta-GGA, and HSE06""",abstract_only,matches existing row
Ba3AsCl3,Ba,As,Cl,1.564,HSE06,unknown,direct,unknown,,10.1088/1402-4896/adee54,true,,2025,"Abstract: ""1.564 eV (HSE06)""",abstract_only,
Ba3AsCl3,Ba,As,Cl,0.976,PBE,no,direct,QE,6.49,10.56919/usci.2544.008,true,,2025,"Abstract: ""0.934eV (with SOC) and 0.976 eV (without SOC)""; GGA-PBE, Quantum Espresso, a=6.49",abstract_only,PDF link 404
Ba3AsCl3,Ba,As,Cl,0.934,PBE+SOC,yes,direct,QE,6.49,10.56919/usci.2544.008,true,,2025,"Abstract: ""0.934eV (with SOC)""",abstract_only,
Ba3AsF3,Ba,As,F,2.27,unstated,unknown,unknown,unknown,6.12,10.1016/j.jmrt.2024.06.218,true,,2024,"Abstract: ""band gap of 2.27eV and 1.73eV for Ba3AsF3 and Ba3AsCl3""; a=6.12",abstract_only,functional not named in abstract; ScienceDirect blocked
Ba3AsCl3,Ba,As,Cl,1.73,unstated,unknown,unknown,unknown,6.5,10.1016/j.jmrt.2024.06.218,true,,2024,"Abstract: ""1.73eV for ... Ba3AsCl3""; a=6.50",abstract_only,functional not named; far above the 0.92-0.98 PBE values
Ba3SbBr3,Ba,Sb,Br,1.1908,PBE,no,direct,unknown,,10.1016/j.mtcomm.2026.115331,true,,2026,"Abstract: ""direct bandgap of 1.1908 eV (PBE), 1.6093 eV (HSE06), and 1.05 eV (PBE+SOC)""",abstract_only,conflicts with arXiv 2604.01942 PBE 0.973
Ba3SbBr3,Ba,Sb,Br,1.05,PBE+SOC,yes,direct,unknown,,10.1016/j.mtcomm.2026.115331,true,,2026,"Abstract: ""1.05 eV (PBE+SOC)""",abstract_only,
Ba3SbBr3,Ba,Sb,Br,1.6093,HSE06,no,direct,unknown,,10.1016/j.mtcomm.2026.115331,true,,2026,"Abstract: ""1.6093 eV (HSE06)""",abstract_only,
Ca3PCl3,Ca,P,Cl,2.035,PBE,unknown,direct,QuantumATK,,10.26565/2312-4334-2025-4-50,true,,2025,"Table 3: ""Ca3PCl3 Present study 2.035""; abstract misprints ""20.35eV""",full_text,EEJP 2025; LCAO basis (QuantumATK)
Sr3AsBr3,Sr,As,Br,2.35,mBJ,unknown,direct,unknown,6.27,10.1016/j.rineng.2024.103340,true,,2024,"Abstract: ""direct band gap (Γ-Γ) of Sr3AsBr3 and Sr3SbBr3 were 2.35 and 2.30 eV using ... mBJ""",abstract_only,GGA values in full text not reachable (ScienceDirect Cloudflare)
Sr3SbBr3,Sr,Sb,Br,2.3,mBJ,unknown,direct,unknown,6.45,10.1016/j.rineng.2024.103340,true,,2024,"Abstract: ""2.35 and 2.30 eV using modified Becke-Johnson (mBJ)""",abstract_only,
Sr3PCl3,Sr,P,Cl,1.677,PBE,unknown,direct,VASP,6.05,10.1021/acsomega.6c02217,true,,2026,"Table 3: ""band gap, E g (Γ–Γ) in eV 1.677""; abstract ""1.677 eV (Sr 3 PCl 3 )""",full_text,Europe PMC PMC13325355; conclusion text misprints 1.667
Sr3SbCl3,Sr,Sb,Cl,1.704,PBE,unknown,direct,VASP,6.32,10.1021/acsomega.6c02217,true,,2026,"Table 3 / abstract: ""1.704 eV (Sr 3 SbCl 3 )""",full_text,Europe PMC PMC13325355
Ca3AsF3,Ca,As,F,2.27,PBE,unknown,direct,QE,5.35,10.1016/j.heliyon.2024.e38898,true,,2024,"Table 1: ""Band Gap Eg (Γ- Γ) in eV | 2.27 (PBE)""; a0 5.35",full_text,Europe PMC PMC11489352
Ca3SbF3,Ca,Sb,F,2.19,PBE,unknown,direct,QE,5.58,10.1016/j.heliyon.2024.e38898,true,,2024,"Table 1: ""2.19 (PBE)""; a0 5.58",full_text,conflicts with existing CSV Ca3SbF3=2.24 (unverifiable source)
Ca3AsF3,Ca,As,F,3.54,TB-mBJ,unknown,direct,WIEN2k,5.35,10.1016/j.heliyon.2024.e38898,true,,2024,"""E g value reduces from 3.54 to 1.47 eV via TB-mBJ"" (0->50 GPa)",full_text,mBJ via WIEN2k on QE structure; not trainable
Sr3PCl3,Sr,P,Cl,1.65,PBE,unknown,direct,CASTEP,6.043,10.1039/d5ra00607d,true,,2025,"""Sr 3 PCl 3 has a direct bandgap of about 1.65 eV""; a=6.043",full_text,"Europe PMC PMC11892102; value given as ""about"" (2 d.p.)"
Sr3SbI3,Sr,Sb,I,1.31,PBE,unknown,direct,unknown,6.7575,10.1039/d3ra06137j,true,,2023,"""about 1.31 eV measured with the PBE mechanism for Sr 3 SbI 3""; a=6.7575",full_text,"Europe PMC PMC10614754; value given as ""about""; code not found in text"
Mg3AsF3,Mg,As,F,3.48,unstated,unknown,direct,unknown,,10.1063/5.0227593,true,,2024,"Abstract: ""Mg3AsF3, Mg3AsCl3, Mg3AsBr3, and Mg3AsI3 exhibit direct bandgaps of 3.48, 2.06, 1.26, and 0.265 eV""",abstract_only,APL 2024; functional not named in abstract; not marked trainable
Mg3AsCl3,Mg,As,Cl,2.06,unstated,unknown,direct,unknown,,10.1063/5.0227593,true,,2024,"Abstract: ""Mg3AsF3, Mg3AsCl3, Mg3AsBr3, and Mg3AsI3 exhibit direct bandgaps of 3.48, 2.06, 1.26, and 0.265 eV""",abstract_only,APL 2024; functional not named in abstract; not marked trainable
Mg3AsBr3,Mg,As,Br,1.26,unstated,unknown,direct,unknown,,10.1063/5.0227593,true,,2024,"Abstract: ""Mg3AsF3, Mg3AsCl3, Mg3AsBr3, and Mg3AsI3 exhibit direct bandgaps of 3.48, 2.06, 1.26, and 0.265 eV""",abstract_only,APL 2024; functional not named in abstract; not marked trainable
Mg3AsI3,Mg,As,I,0.265,unstated,unknown,direct,unknown,,10.1063/5.0227593,true,,2024,"Abstract: ""Mg3AsF3, Mg3AsCl3, Mg3AsBr3, and Mg3AsI3 exhibit direct bandgaps of 3.48, 2.06, 1.26, and 0.265 eV""",abstract_only,APL 2024; functional not named in abstract; not marked trainable
Mg3AsBr3,Mg,As,Br,1.485,unstated,unknown,unknown,unknown,,10.1088/1402-4896/ad6bd1,true,,2024,"Abstract: ""bandgap from 1.485 eV (without stress)""",abstract_only,functional not named in abstract
Sr3PCl3,Sr,P,Cl,1.641,unstated,unknown,direct,unknown,,10.1016/j.poly.2025.117676,true,,2025,"Abstract: ""Sr 3 PCl 3 possesses a direct bandgap of 1.641 eV""",abstract_only,functional not named in abstract (ACS Omega 6c02217 Table 3 cites a 1.641 [PBE] value)
