formula,Eg_PBE,Eg_LOO_pred,residual
Ca3BiI3,1.29,1.358,0.068
Ca3BiBr3,1.6,1.66,0.06
Ca3BiCl3,1.76,1.846,0.086
Mg3BiI3,0.867,1.019,0.152
Mg3BiBr3,1.626,1.509,-0.117
Ba3AsI3,0.834,0.867,0.033
Ca3PI3,1.491,1.551,0.06
Ca3PBr3,1.95,1.81,-0.141
Ca3PCl3,2.206,1.771,-0.434
Ca3SbF3,2.24,2.112,-0.128
Ca3SbCl3,1.83,1.866,0.036
Ca3SbBr3,1.67,1.694,0.024
Ca3SbI3,1.35,1.376,0.026
Ca3AsCl3,1.742,2.161,0.419
Ca3AsI3,1.58,1.437,-0.143
Sr3PCl3,1.7,1.717,0.017
Sr3PBr3,1.55,1.601,0.051
Ba3AsCl3,0.942,1.339,0.397
Sr3AsCl3,1.7,1.65,-0.05
Sr3SbCl3,1.72,1.514,-0.206
Mg3PCl3,2.297,1.856,-0.441
Mg3PBr3,1.506,1.881,0.375
Ba3SbI3,0.78,0.768,-0.012
