formula,A,B,X,spg_number,crystal_system,lattice_a,cell_vol,density,Eg_optb88_eV,C11_GPa,C12_GPa,C44_GPa,source,doi
Ca3AsBr3,Ca,As,Br,221,cubic,5.899,205.27,3.518,1.565,92.2,11.6,18.3,JARVIS-DFT,10.1016/j.commatsci.2025.114063
Cd3AsI3,Cd,As,I,6,monoclinic,7.4273,263.26,5.001,0.854,33.37,11.87,5.57,JARVIS-DFT,10.1016/j.commatsci.2025.114063
Ca3AsCl3,Ca,As,Cl,221,cubic,5.7283,187.96,2.664,1.713,100.3,12.5,20.3,JARVIS-DFT,10.1016/j.commatsci.2025.114063
Ca3PCl3,Ca,P,Cl,221,cubic,5.6661,181.91,2.351,1.701,105.8,13.4,21.6,JARVIS-DFT,10.1016/j.commatsci.2025.114063
Zn3PBr3,Zn,P,Br,6,monoclinic,4.0417,184.88,4.194,1.552,,,,JARVIS-DFT,10.1016/j.commatsci.2025.114063
Cd3PCl3,Cd,P,Cl,164,trigonal,7.7201,428.05,4.252,1.74,53.43,29.67,11.8,JARVIS-DFT,10.1016/j.commatsci.2025.114063
Cd3PI3,Cd,P,I,6,monoclinic,4.4823,254.76,4.882,1.21,,,,JARVIS-DFT,10.1016/j.commatsci.2025.114063
Ca3SbI3,Ca,Sb,I,214,cubic,10.991,1327.74,4.047,1.623,,,,JARVIS-DFT,10.1016/j.commatsci.2025.114063
Ba3SbI3,Ba,Sb,I,214,cubic,12.1353,1787.1,4.415,1.253,,,,JARVIS-DFT,10.1016/j.commatsci.2025.114063
