formula,Eg_DFT_eV,Eg_CV_pred_eV,residual
CsSnI3,0.916,0.5632,-0.3528
BeBiF3,1.052,2.5679,1.5159
CaTlF3,4.633,4.0955,-0.5375
KInBr3,0.502,0.6303,0.1283
CaInI3,2.929,3.2396,0.3106
TlSnI3,1.726,2.4175,0.6915
CaTlI3,3.272,3.0871,-0.1849
RbPbF3,3.999,2.4625,-1.5365
RbPbCl3,2.106,2.0449,-0.0611
KTlCl3,0.646,0.8157,0.1697
RbTlF3,1.697,2.128,0.431
RbInCl3,1.181,0.7817,-0.3993
RbTlCl3,0.669,0.6867,0.0177
CaTlBr3,3.789,3.0562,-0.7328
RbInF3,2.32,1.9088,-0.4112
KInBr3,2.258,1.2749,-0.9831
RbPbF3,3.499,3.1894,-0.3096
CsPbF3,3.413,2.8535,-0.5595
KInBr3,2.258,1.2748,-0.9832
CaInBr3,3.152,3.4867,0.3347
RbGeBr3,1.815,2.0965,0.2815
InGeCl3,1.924,1.7553,-0.1687
InSnCl3,2.287,1.6041,-0.6829
RbSnCl3,2.628,3.3524,0.7244
KGeBr3,2.913,3.0911,0.1781
CaTlF3,4.633,4.0956,-0.5374
InSnBr3,2.312,2.6131,0.3011
InSnCl3,2.821,2.5141,-0.3069
CaTlCl3,4.421,4.1214,-0.2996
TlGeBr3,1.012,1.3199,0.3079
CaTlCl3,4.159,2.9919,-1.1671
InGeCl3,2.84,1.6979,-1.1421
RbSnCl3,1.501,2.3213,0.8203
RbSnBr3,0.745,1.0278,0.2828
LiSnCl3,3.576,3.4239,-0.1521
RbPbBr3,2.062,1.0267,-1.0353
RbSnF3,3.697,3.4891,-0.2079
RbPbBr3,2.883,2.0551,-0.8279
RbPbCl3,3.323,2.8542,-0.4688
LiSnCl3,3.727,3.618,-0.109
RbPbCl3,2.526,2.5638,0.0378
KGeCl3,1.361,2.5943,1.2333
TlGeF3,3.436,2.9268,-0.5092
TlGeF3,3.305,3.1287,-0.1763
TlInCl3,2.138,2.4456,0.3076
MgTlF3,4.802,2.4168,-2.3852
TlGeCl3,3.173,2.6289,-0.5441
TlGeCl3,1.688,1.8924,0.2044
TlGeBr3,2.382,2.2032,-0.1788
InSnBr3,1.305,2.1702,0.8652
KGeBr3,1.411,0.7916,-0.6194
RbSnBr3,2.432,2.1801,-0.2519
RbPbF3,4.001,4.1277,0.1267
TlPbI3,2.144,2.458,0.314
MgInBr3,2.137,2.4095,0.2725
RbGeCl3,3.702,2.9003,-0.8017
RbBiF3,1.81,2.4635,0.6535
InPbCl3,2.458,2.6019,0.1439
CaTlF3,4.596,3.6443,-0.9517
RbSnF3,4.111,3.5194,-0.5916
InPbCl3,3.004,1.9294,-1.0746
RbSnI3,2.064,2.199,0.135
RbGeI3,1.079,0.2621,-0.8169
KGeCl3,2.528,3.5374,1.0094
KInCl3,1.141,0.8682,-0.2728
RbInBr3,0.447,0.6202,0.1732
RbPbCl3,2.094,2.044,-0.05
NaSnCl3,3.337,2.5672,-0.7698
NaSnCl3,3.948,2.1468,-1.8012
RbGeCl3,2.206,2.3197,0.1137
InSnBr3,1.117,2.1716,1.0546
InSnBr3,1.126,2.1726,1.0466
RbSnBr3,0.647,1.0569,0.4099
InGeCl3,1.456,1.7732,0.3172
InGeCl3,1.827,1.759,-0.068
InGeCl3,1.371,1.7559,0.3849
TlGeCl3,1.405,1.9384,0.5334
TlGeCl3,1.458,1.8908,0.4328
TlGeCl3,1.821,1.8904,0.0694
TlSnF3,2.773,2.4684,-0.3046
TlSnF3,2.847,2.4441,-0.4029
RbPbBr3,1.96,1.0163,-0.9437
RbPbI3,1.608,0.6049,-1.0031
RbSnCl3,2.774,2.2867,-0.4873
RbSnCl3,0.859,1.9915,1.1325
RbSnI3,0.384,0.6519,0.2679
NaGeF3,4.617,3.7835,-0.8335
RbSnF3,3.774,3.4877,-0.2863
TlGeF3,3.101,3.1317,0.0307
RbSnF3,2.28,3.0818,0.8018
TlGeF3,3.084,3.0789,-0.0051
RbSnF3,3.52,3.3525,-0.1675
TlGeF3,2.768,2.4435,-0.3245
MgTlF3,4.317,2.4168,-1.9002
TlGeBr3,1.159,1.2831,0.1241
TlGeBr3,0.919,1.3219,0.4029
InSnCl3,1.99,1.6043,-0.3857
InSnCl3,1.876,1.6035,-0.2725
RbPbF3,3.015,3.1883,0.1733
RbPbF3,4.102,3.3704,-0.7316
RbPbF3,3.695,3.3834,-0.3116
RbGeI3,2.132,2.198,0.066
LiGaBr3,2.874,2.4335,-0.4405
