jid,formula,A,B,X,spg_number,crystal_system,lattice_a,lattice_b,lattice_c,alpha,beta,gamma,cell_vol,n_atoms,density,Eg_optb88_eV,Eg_mbj_eV,C11_GPa,C12_GPa,C44_GPa,B_voigt_GPa,G_voigt_GPa
JVASP-22675,CsSnI3,Cs,Sn,I,221,cubic,6.1986,6.1986,6.1986,90.0,90.0,90.0,238.168,5,4.409,0.916,,,,,,
JVASP-70148,BeBiF3,Be,Bi,F,221,cubic,4.6173,4.6173,4.6173,90.0,90.0,90.0,98.438,5,4.639,1.052,,,,,,
JVASP-93263,CaTlF3,Ca,Tl,F,160,trigonal,4.4794,4.4803,4.4794,89.871,90.114,90.102,89.899,5,5.568,4.633,,78.367,35.9,28.567,50.06,25.63
JVASP-99478,KInBr3,K,In,Br,225,cubic,8.0545,8.0545,8.0545,60.0,60.0,60.0,522.54,10,3.538,0.502,,,,,,
JVASP-99875,CaInI3,Ca,In,I,63,orthorhombic,7.804,7.804,11.6072,90.0,90.0,146.239,706.913,10,4.528,2.929,,,,,,
JVASP-101046,TlSnI3,Tl,Sn,I,63,orthorhombic,7.7874,7.7874,11.8471,90.0,90.0,145.674,718.456,10,5.769,1.726,2.115,,,,,
JVASP-99877,CaTlI3,Ca,Tl,I,63,orthorhombic,7.8155,7.8155,11.6191,90.0,90.0,146.282,709.711,10,5.27,3.272,,,,,,
JVASP-100568,RbPbF3,Rb,Pb,F,161,trigonal,9.4146,6.5107,6.8024,58.511,43.74,46.256,416.96,10,5.582,3.999,5.501,,,,,
JVASP-103660,RbPbCl3,Rb,Pb,Cl,221,cubic,5.6397,5.6397,5.6397,90.0,90.0,90.0,179.378,5,3.694,2.106,,,,,,
JVASP-105008,KTlCl3,K,Tl,Cl,225,cubic,7.8148,7.8148,7.8148,60.0,60.0,60.0,477.266,10,3.443,0.646,,,,,,
JVASP-106457,RbTlF3,Rb,Tl,F,225,cubic,6.7158,6.7158,6.7158,60.0,60.0,60.0,302.892,10,5.378,1.697,,,,,,
JVASP-102418,RbInCl3,Rb,In,Cl,225,cubic,7.7076,7.7076,7.7076,60.0,60.0,60.0,457.879,10,3.145,1.181,,,,,,
JVASP-102420,RbTlCl3,Rb,Tl,Cl,225,cubic,7.8303,7.8303,7.8303,60.0,60.0,60.0,480.097,10,3.876,0.669,,,,,,
JVASP-103642,CaTlBr3,Ca,Tl,Br,63,orthorhombic,7.3146,7.3146,10.8864,90.0,90.0,146.212,582.458,10,4.964,3.789,,,,,,
JVASP-105083,RbInF3,Rb,In,F,225,cubic,6.5613,6.5613,6.5613,60.0,60.0,60.0,282.465,10,4.278,2.32,3.145,,,,,
JVASP-58881,KInBr3,K,In,Br,147,trigonal,8.508,8.508,10.7969,90.0,90.0,120.0,781.554,20,3.863,2.258,3.481,,,,,
JVASP-8464,RbPbF3,Rb,Pb,F,221,cubic,4.8126,4.8126,4.8126,90.0,90.0,90.0,111.463,5,5.209,3.499,4.625,100.2,17.9,8.2,45.33,21.38
JVASP-8100,CsPbF3,Cs,Pb,F,221,cubic,4.851,4.851,4.851,90.0,90.0,90.0,114.155,5,5.776,3.413,,,,,,
JVASP-13397,KInBr3,K,In,Br,147,trigonal,8.5074,8.5074,10.7965,90.0,90.0,120.0,781.409,20,3.864,2.258,3.532,,,,,
JVASP-12926,CaInBr3,Ca,In,Br,63,orthorhombic,4.2455,7.3015,10.8685,90.0,90.0,106.902,336.912,10,4.065,3.152,3.652,36.8,16.633,10.4,23.36,10.27
JVASP-13404,RbGeBr3,Rb,Ge,Br,33,orthorhombic,7.4779,8.1075,11.1375,90.0,90.0,90.0,675.236,20,3.913,1.815,,,,,,
JVASP-33896,InGeCl3,In,Ge,Cl,160,trigonal,5.3183,5.3185,5.3194,92.937,92.925,87.089,150.461,5,3.255,1.924,2.125,37.6,4.033,5.1,15.22,9.77
JVASP-33897,InSnCl3,In,Sn,Cl,160,trigonal,5.5687,5.5693,5.5683,87.334,87.225,92.904,172.696,5,3.28,2.287,,,,,,
JVASP-36972,RbSnCl3,Rb,Sn,Cl,161,trigonal,7.4163,7.4163,7.4163,65.552,65.552,65.552,407.911,10,3.191,2.628,3.381,22.933,15.967,2.6,18.29,2.95
JVASP-36973,KGeBr3,K,Ge,Br,11,monoclinic,5.8926,7.4982,8.1608,90.0,114.769,90.0,360.574,10,3.565,2.913,3.948,23.2,9.167,4.233,13.84,5.35
JVASP-36876,CaTlF3,Ca,Tl,F,8,monoclinic,4.4792,4.4801,4.4802,89.87,90.106,90.12,89.906,5,5.568,4.633,5.849,102.6,24.1,17.033,50.27,25.92
JVASP-36954,InSnBr3,In,Sn,Br,161,trigonal,8.2768,8.2768,7.7478,57.715,57.715,60.0,530.765,10,4.344,2.312,2.751,19.967,16.4,3.267,17.59,2.67
JVASP-36956,InSnCl3,In,Sn,Cl,148,trigonal,8.0581,8.0581,7.218,56.069,56.069,60.0,468.691,10,3.637,2.821,3.293,,,,,
JVASP-36877,CaTlCl3,Ca,Tl,Cl,8,monoclinic,5.3573,5.3572,5.3575,90.743,89.266,90.713,153.764,5,3.79,4.421,6.068,56.2,8.867,6.867,24.64,13.59
JVASP-36879,TlGeBr3,Tl,Ge,Br,8,monoclinic,5.5474,5.5424,5.5468,87.805,92.362,92.168,170.539,5,5.043,1.012,1.213,,,,,
JVASP-37000,CaTlCl3,Ca,Tl,Cl,63,orthorhombic,4.0664,10.3437,6.9867,90.0,106.917,90.0,293.868,10,4.144,4.159,5.207,44.4,20.333,12.533,28.36,12.33
JVASP-36958,InGeCl3,In,Ge,Cl,161,trigonal,7.1805,7.1805,7.1805,65.14,65.14,65.14,370.229,10,3.352,2.84,3.6,15.6,12.0,4.8,13.2,3.6
JVASP-36882,RbSnCl3,Rb,Sn,Cl,1,triclinic,5.5411,5.5411,5.5636,90.09,90.056,90.002,170.824,5,3.019,1.501,1.759,,,,,
JVASP-36883,RbSnBr3,Rb,Sn,Br,1,triclinic,5.8037,5.806,5.8153,89.34,89.822,89.901,195.954,5,3.762,0.745,,,,,,
JVASP-36959,LiSnCl3,Li,Sn,Cl,161,trigonal,6.9018,6.9018,7.0834,60.844,60.844,60.0,337.411,10,3.189,3.576,,32.633,14.5,7.333,20.54,8.03
JVASP-36888,RbPbBr3,Rb,Pb,Br,1,triclinic,5.9261,5.8925,5.9432,89.97,88.182,89.942,207.533,5,4.262,2.062,2.692,38.867,7.933,1.933,18.24,7.35
JVASP-36889,RbSnF3,Rb,Sn,F,1,triclinic,4.5343,4.4999,5.2024,101.027,90.676,89.768,106.15,5,4.163,3.697,5.675,51.533,13.533,6.1,26.2,11.26
JVASP-36964,RbPbBr3,Rb,Pb,Br,63,orthorhombic,4.4413,11.3299,7.4743,90.0,107.281,90.0,376.101,10,4.923,2.883,,,,,,
JVASP-36965,RbPbCl3,Rb,Pb,Cl,63,orthorhombic,4.2703,10.7863,7.1661,90.0,107.327,90.0,330.072,10,4.206,3.323,,,,,,
JVASP-36898,LiSnCl3,Li,Sn,Cl,160,trigonal,5.0212,5.0218,5.0238,87.917,87.921,87.934,126.678,5,3.047,3.727,,26.433,10.0,9.333,15.48,8.89
JVASP-36966,RbPbCl3,Rb,Pb,Cl,6,monoclinic,5.6647,5.6251,5.6778,90.017,91.115,89.977,180.919,5,3.663,2.526,3.327,42.767,10.5,2.133,21.26,7.73
JVASP-36899,KGeCl3,K,Ge,Cl,1,triclinic,5.2808,5.2844,5.283,87.531,87.76,87.671,147.427,5,2.463,1.361,2.165,39.8,2.933,3.0,15.22,9.17
JVASP-36981,TlGeF3,Tl,Ge,F,11,monoclinic,4.7672,5.9182,7.2185,90.0,105.672,90.0,203.662,10,5.657,3.436,4.648,32.267,13.967,8.467,20.07,8.74
JVASP-36982,TlGeF3,Tl,Ge,F,1,triclinic,4.5671,4.5693,4.6807,100.127,99.561,86.374,97.679,5,5.853,3.305,5.157,29.967,13.3,7.133,18.86,7.61
JVASP-36983,TlInCl3,Tl,In,Cl,2,triclinic,7.2552,7.9658,7.97,59.933,56.625,56.554,460.618,10,4.592,2.138,2.638,23.1,17.6,6.767,19.43,5.16
JVASP-36985,MgTlF3,Mg,Tl,F,221,cubic,4.1029,4.1028,4.103,90.004,90.002,90.001,69.066,5,6.869,4.802,5.518,123.5,53.5,45.5,76.83,41.3
JVASP-36986,TlGeCl3,Tl,Ge,Cl,11,monoclinic,5.7336,6.9409,7.4902,90.0,104.905,90.0,298.084,10,4.42,3.173,4.755,,,,,
JVASP-36987,TlGeCl3,Tl,Ge,Cl,8,monoclinic,5.2875,5.2899,5.2905,87.506,92.364,92.33,147.978,5,4.313,1.688,,,,,,
JVASP-36989,TlGeBr3,Tl,Ge,Br,62,orthorhombic,4.1885,9.3417,15.5804,90.0,90.0,90.0,609.622,20,5.63,2.382,,,,,,
JVASP-36926,InSnBr3,In,Sn,Br,160,trigonal,5.8452,5.8452,5.8452,88.012,88.066,88.14,199.708,5,3.941,1.305,1.415,41.467,6.967,2.733,18.47,8.54
JVASP-36927,KGeBr3,K,Ge,Br,1,triclinic,5.5396,5.5404,5.542,87.987,88.026,88.073,170.093,5,3.437,1.411,1.641,34.067,5.533,3.033,15.04,7.53
JVASP-36997,RbSnBr3,Rb,Sn,Br,62,orthorhombic,4.5109,9.3688,16.2717,90.0,90.0,90.0,687.679,20,4.287,2.432,3.239,29.2,14.867,10.567,19.64,9.21
JVASP-53402,RbPbF3,Rb,Pb,F,161,trigonal,6.5037,6.5122,6.5125,63.0,62.996,62.996,275.825,10,5.583,4.001,5.52,43.267,31.9,11.467,35.69,9.15
JVASP-12778,TlPbI3,Tl,Pb,I,63,orthorhombic,4.6388,7.8559,11.8955,90.0,90.0,107.172,433.492,10,6.353,2.144,2.798,30.6,15.933,7.5,20.82,7.43
JVASP-32302,MgInBr3,Mg,In,Br,62,orthorhombic,3.9698,9.4294,15.3076,90.0,90.0,90.0,573.0,20,4.391,2.137,,,,,,
JVASP-12752,RbGeCl3,Rb,Ge,Cl,11,monoclinic,5.7755,6.9834,7.8036,90.0,106.41,90.0,314.736,10,2.909,3.702,4.866,25.233,8.533,1.967,14.1,4.52
JVASP-53161,RbBiF3,Rb,Bi,F,2,triclinic,5.1933,5.22,8.5818,97.944,57.628,96.832,232.642,10,6.006,1.81,2.724,61.867,32.433,19.867,42.24,17.81
JVASP-36945,InPbCl3,In,Pb,Cl,63,orthorhombic,4.2659,10.7371,7.0125,90.0,107.711,90.0,321.195,10,4.65,2.458,,,,,,
JVASP-36975,CaTlF3,Ca,Tl,F,161,trigonal,6.2784,6.2784,6.2784,60.517,60.517,60.517,247.481,10,5.655,4.596,5.723,,,,,
JVASP-36976,RbSnF3,Rb,Sn,F,148,trigonal,6.5138,6.5138,6.5138,62.783,62.783,62.783,276.381,10,4.18,4.111,5.835,31.733,14.4,6.4,20.18,7.31
JVASP-36947,InPbCl3,In,Pb,Cl,146,trigonal,5.6682,5.6684,5.6683,89.796,89.787,90.226,182.121,5,3.906,3.004,3.76,41.033,10.2,2.033,20.48,7.39
JVASP-58998,RbSnI3,Rb,Sn,I,62,orthorhombic,4.7345,10.2266,17.3063,90.0,90.0,90.0,837.926,20,4.636,2.064,2.704,,,,,
JVASP-54983,RbGeI3,Rb,Ge,I,221,cubic,5.8995,5.8995,5.8995,90.0,90.0,90.0,205.323,5,4.358,1.079,,46.4,7.8,8.3,20.67,12.7
JVASP-36974,KGeCl3,K,Ge,Cl,161,trigonal,7.227,7.227,7.227,63.317,63.317,63.317,377.46,10,2.528,2.528,3.247,16.733,10.667,3.467,12.69,3.29
JVASP-110677,KInCl3,K,In,Cl,225,cubic,7.6867,7.6867,7.6867,60.0,60.0,60.0,454.172,10,2.692,1.141,,,,,,
JVASP-110721,RbInBr3,Rb,In,Br,225,cubic,8.0809,8.0809,8.0809,60.0,60.0,60.0,527.696,10,3.916,0.447,,,,,,
JVASP-115916,RbPbCl3,Rb,Pb,Cl,221,cubic,5.6355,5.6355,5.6355,90.0,90.0,90.0,178.973,5,3.702,2.094,,60.6,7.7,3.8,25.33,12.86
JVASP-114788,NaSnCl3,Na,Sn,Cl,8,monoclinic,5.6652,5.6646,5.706,64.901,65.026,89.505,183.113,5,2.801,3.337,,,,,,
JVASP-114789,NaSnCl3,Na,Sn,Cl,160,trigonal,5.4114,5.4114,5.4114,86.768,86.768,86.768,158.467,5,2.611,3.948,,-90.433,-60.467,-28.3,,
JVASP-112901,RbGeCl3,Rb,Ge,Cl,33,orthorhombic,7.1666,7.7668,10.6703,90.0,90.0,90.0,593.922,20,2.958,2.206,,,,,,
JVASP-115693,InSnBr3,In,Sn,Br,160,trigonal,5.8481,5.8481,5.8481,88.112,88.112,88.112,200.003,5,3.935,1.117,,,,,,
JVASP-115696,InSnBr3,In,Sn,Br,160,trigonal,5.8494,5.8494,5.849,91.917,91.917,88.051,200.128,5,3.933,1.126,,,,,,
JVASP-115734,RbSnBr3,Rb,Sn,Br,6,monoclinic,5.8075,5.8072,5.8217,90.131,90.032,89.999,196.338,5,3.754,0.647,,,,,,
JVASP-120082,InGeCl3,In,Ge,Cl,8,monoclinic,5.3149,5.3149,5.3139,92.886,92.886,87.046,150.109,5,3.262,1.456,,,,,,
JVASP-120085,InGeCl3,In,Ge,Cl,160,trigonal,5.2996,5.3001,5.3009,87.166,87.179,87.223,148.894,5,3.288,1.827,,-3.0,23.2,-7.067,14.47,-9.48
JVASP-120086,InGeCl3,In,Ge,Cl,160,trigonal,5.3066,5.3066,5.3066,87.169,87.169,87.169,149.434,5,3.277,1.371,,,,,,
JVASP-120088,TlGeCl3,Tl,Ge,Cl,160,trigonal,5.2858,5.2858,5.2858,87.581,87.581,87.58,147.682,5,4.322,1.405,,,,,,
JVASP-120091,TlGeCl3,Tl,Ge,Cl,8,monoclinic,5.2752,5.2752,5.2738,92.204,92.204,87.707,146.759,5,4.348,1.458,,,,,,
JVASP-120092,TlGeCl3,Tl,Ge,Cl,8,monoclinic,5.2669,5.2672,5.2695,87.727,87.74,87.897,146.184,5,4.364,1.821,,20.167,18.033,-6.767,18.74,-3.63
JVASP-120181,TlSnF3,Tl,Sn,F,1,triclinic,4.5175,4.5517,4.9987,78.798,81.269,82.853,102.786,5,6.364,2.773,3.458,39.133,17.167,7.367,24.49,8.81
JVASP-120182,TlSnF3,Tl,Sn,F,1,triclinic,4.4823,5.15,4.4819,101.128,89.746,90.962,103.461,5,6.218,2.847,3.635,51.5,12.367,6.033,25.41,11.45
JVASP-117853,RbPbBr3,Rb,Pb,Br,6,monoclinic,5.8986,5.9501,5.9336,91.728,90.01,89.989,208.252,5,4.247,1.96,,,,,,
JVASP-139220,RbPbI3,Rb,Pb,I,1,triclinic,6.3037,6.3476,6.3411,88.032,90.053,90.025,253.731,5,4.41,1.608,,,,,,
JVASP-138651,RbSnCl3,Rb,Sn,Cl,1,triclinic,5.5977,5.6007,5.4721,75.252,74.963,85.666,171.557,5,3.219,2.774,,31.567,9.833,5.4,17.08,7.59
JVASP-138653,RbSnCl3,Rb,Sn,Cl,221,cubic,5.5304,5.5304,5.5304,90.0,90.0,90.0,169.145,5,3.049,0.859,,59.8,8.9,4.4,25.87,12.82
JVASP-136826,RbSnI3,Rb,Sn,I,221,cubic,6.1878,6.1878,6.1878,90.0,90.0,90.0,236.927,5,4.099,0.384,,,,,,
JVASP-134738,NaGeF3,Na,Ge,F,8,monoclinic,4.5046,4.5043,5.2706,66.654,66.74,100.025,106.942,5,3.054,4.617,,,,,,
JVASP-136611,RbSnF3,Rb,Sn,F,1,triclinic,4.5321,4.5025,5.1951,79.593,90.234,90.078,106.009,5,4.16,3.774,4.735,50.9,13.267,5.933,25.81,11.09
JVASP-134745,TlGeF3,Tl,Ge,F,8,monoclinic,4.563,4.563,4.7155,80.958,80.958,87.009,98.181,5,5.795,3.101,4.056,-52.833,37.3,-33.467,,
JVASP-136612,RbSnF3,Rb,Sn,F,221,cubic,4.7038,4.7038,4.7038,90.0,90.0,90.0,104.072,5,4.167,2.28,2.869,93.9,23.5,9.4,46.97,19.72
JVASP-134747,TlGeF3,Tl,Ge,F,1,triclinic,4.5613,4.5663,4.6573,79.707,80.035,85.962,97.002,5,5.905,3.084,3.972,29.267,14.5,7.4,19.42,7.39
JVASP-136614,RbSnF3,Rb,Sn,F,6,monoclinic,5.1961,4.5328,4.5035,90.0,79.614,90.0,106.071,5,4.157,3.52,4.668,50.633,13.0,5.867,25.54,11.05
JVASP-134748,TlGeF3,Tl,Ge,F,160,trigonal,4.5609,4.5609,4.5609,95.262,95.262,95.262,94.872,5,5.926,2.768,,,,,,
JVASP-134781,MgTlF3,Mg,Tl,F,221,cubic,4.0965,4.0965,4.0965,90.0,90.0,90.0,68.744,5,6.901,4.317,5.18,126.9,55.0,46.9,78.97,42.52
JVASP-134256,TlGeBr3,Tl,Ge,Br,160,trigonal,5.5535,5.5535,5.5535,87.608,87.608,87.608,171.273,5,5.023,1.159,,,,,,
JVASP-134258,TlGeBr3,Tl,Ge,Br,8,monoclinic,5.5538,5.5538,5.551,92.341,92.341,87.54,171.215,5,5.024,0.919,,,,,,
JVASP-138603,InSnCl3,In,Sn,Cl,160,trigonal,5.5635,5.5635,5.5639,88.498,88.498,91.454,172.213,5,3.281,1.99,,,,,,
JVASP-138606,InSnCl3,In,Sn,Cl,160,trigonal,5.565,5.565,5.565,91.194,91.194,91.194,172.342,5,3.277,1.876,,,,,,
JVASP-138909,RbPbF3,Rb,Pb,F,221,cubic,4.8101,4.8101,4.8101,90.0,90.0,90.0,111.294,5,5.217,3.015,4.279,99.2,17.8,8.1,44.93,21.14
JVASP-138910,RbPbF3,Rb,Pb,F,1,triclinic,4.7678,4.7499,4.7183,83.258,96.082,91.091,106.851,5,5.503,4.102,5.128,53.133,23.333,9.133,33.27,11.44
JVASP-138911,RbPbF3,Rb,Pb,F,6,monoclinic,4.7846,4.7657,4.7332,90.0,82.576,90.0,107.926,5,5.425,3.695,5.205,57.567,19.367,4.8,32.1,10.52
JVASP-154739,RbGeI3,Rb,Ge,I,19,orthorhombic,4.4938,10.2053,16.8944,90.0,90.0,90.0,774.784,20,4.619,2.132,,,,,,
JVASP-154872,LiGaBr3,Li,Ga,Br,11,monoclinic,10.4376,6.5516,7.9166,87.142,90.0,90.0,541.361,20,3.887,2.874,,31.2,10.533,9.733,17.42,9.97
