formula,C11_DFT,C11_pred,C12_DFT,C12_pred,C44_DFT,C44_pred
CaTlF3,78.37,66.34,35.9,22.61,28.57,13.2
RbPbF3,100.2,72.69,17.9,18.71,8.2,6.95
CaInBr3,36.8,32.62,16.63,14.06,10.4,7.97
InGeCl3,37.6,33.93,4.03,11.99,5.1,1.42
RbSnCl3,22.93,27.75,15.97,12.55,2.6,5.49
KGeBr3,23.2,24.96,9.17,12.16,4.23,4.77
CaTlF3,102.6,63.27,24.1,21.44,17.03,12.49
InSnBr3,19.97,24.91,16.4,11.39,3.27,3.55
CaTlCl3,56.2,42.23,8.87,10.61,6.87,6.15
CaTlCl3,44.4,43.39,20.33,17.02,12.53,10.96
InGeCl3,15.6,25.98,12.0,13.19,4.8,1.73
LiSnCl3,32.63,-23.2,14.5,-18.38,7.33,-9.33
RbPbBr3,38.87,37.98,7.93,10.47,1.93,4.19
RbSnF3,51.53,40.24,13.53,25.5,6.1,2.83
LiSnCl3,26.43,-21.91,10.0,-19.74,9.33,-11.27
RbPbCl3,42.77,41.01,10.5,10.08,2.13,4.75
KGeCl3,39.8,-43.75,2.93,-29.5,3.0,-16.95
TlGeF3,32.27,40.59,13.97,16.3,8.47,6.53
TlGeF3,29.97,48.47,13.3,18.6,7.13,7.17
TlInCl3,23.1,30.71,17.6,14.21,6.77,4.61
MgTlF3,123.5,67.9,53.5,21.9,45.5,16.26
InSnBr3,41.47,27.07,6.97,7.61,2.73,0.79
KGeBr3,34.07,30.91,5.53,9.54,3.03,3.07
RbSnBr3,29.2,29.35,14.87,13.39,10.57,5.29
RbPbF3,43.27,41.31,31.9,14.94,11.47,6.22
TlPbI3,30.6,36.27,15.93,16.19,7.5,6.06
RbGeCl3,25.23,26.51,8.53,11.63,1.97,4.16
RbBiF3,61.87,43.15,32.43,13.72,19.87,5.7
RbSnF3,31.73,66.87,14.4,17.89,6.4,8.11
InPbCl3,41.03,37.92,10.2,10.45,2.03,3.97
RbGeI3,46.4,44.62,7.8,9.33,8.3,3.48
KGeCl3,16.73,-43.93,10.67,-30.75,3.47,-15.02
RbPbCl3,60.6,62.04,7.7,12.98,3.8,7.08
NaSnCl3,-90.43,36.72,-60.47,9.08,-28.3,6.37
InGeCl3,-3.0,33.95,23.2,11.91,-7.07,1.39
TlGeCl3,20.17,28.7,18.03,11.92,-6.77,2.96
TlSnF3,39.13,13.7,17.17,28.5,7.37,-4.76
TlSnF3,51.5,46.42,12.37,21.18,6.03,10.17
RbSnCl3,31.57,37.04,9.83,9.67,5.4,5.47
RbSnCl3,59.8,57.72,8.9,12.94,4.4,7.5
RbSnF3,50.9,40.24,13.27,25.5,5.93,2.83
TlGeF3,-52.83,47.63,37.3,18.43,-33.47,6.9
RbSnF3,93.9,81.69,23.5,17.66,9.4,7.91
TlGeF3,29.27,48.44,14.5,18.61,7.4,7.17
RbSnF3,50.63,39.82,13.0,25.38,5.87,1.83
MgTlF3,126.9,68.01,55.0,21.59,46.9,16.19
RbPbF3,99.2,72.69,17.8,18.71,8.1,6.95
RbPbF3,53.13,49.03,23.33,15.37,9.13,5.54
RbPbF3,57.57,49.02,19.37,15.51,4.8,5.44
LiGaBr3,31.2,17.5,10.53,8.16,9.73,3.01
