formula,Eg_optb88_eV,Eg_mbj_eV,delta_DFT,delta_CV_pred,Eg_corrected_CV
TlSnI3,1.726,2.115,0.389,0.53,2.256
RbPbF3,3.999,5.501,1.502,1.42,5.419
RbInF3,2.32,3.145,0.825,0.766,3.086
KInBr3,2.258,3.481,1.223,0.68,2.938
RbPbF3,3.499,4.625,1.126,1.396,4.895
KInBr3,2.258,3.532,1.274,0.68,2.938
CaInBr3,3.152,3.652,0.5,1.139,4.291
InGeCl3,1.924,2.125,0.201,0.61,2.534
RbSnCl3,2.628,3.381,0.753,0.695,3.323
KGeBr3,2.913,3.948,1.035,0.825,3.738
CaTlF3,4.633,5.849,1.216,1.483,6.116
InSnBr3,2.312,2.751,0.439,0.657,2.969
InSnCl3,2.821,3.293,0.472,0.7,3.521
CaTlCl3,4.421,6.068,1.647,1.143,5.564
TlGeBr3,1.012,1.213,0.201,0.408,1.42
CaTlCl3,4.159,5.207,1.048,1.149,5.308
InGeCl3,2.84,3.6,0.76,0.699,3.539
RbSnCl3,1.501,1.759,0.258,0.583,2.084
RbPbBr3,2.062,2.692,0.63,0.638,2.7
RbSnF3,3.697,5.675,1.978,1.208,4.905
RbPbCl3,2.526,3.327,0.801,0.844,3.37
KGeCl3,1.361,2.165,0.804,0.426,1.787
TlGeF3,3.436,4.648,1.212,1.323,4.759
TlGeF3,3.305,5.157,1.852,1.106,4.411
TlInCl3,2.138,2.638,0.5,0.672,2.81
MgTlF3,4.802,5.518,0.716,1.488,6.29
TlGeCl3,3.173,4.755,1.582,0.854,4.027
InSnBr3,1.305,1.415,0.11,0.324,1.629
KGeBr3,1.411,1.641,0.23,0.568,1.979
RbSnBr3,2.432,3.239,0.807,0.83,3.262
RbPbF3,4.001,5.52,1.519,1.481,5.482
TlPbI3,2.144,2.798,0.654,0.61,2.754
RbGeCl3,3.702,4.866,1.164,1.486,5.188
RbBiF3,1.81,2.724,0.914,0.659,2.469
CaTlF3,4.596,5.723,1.127,1.603,6.199
RbSnF3,4.111,5.835,1.724,1.244,5.355
InPbCl3,3.004,3.76,0.756,0.8,3.804
RbSnI3,2.064,2.704,0.64,0.622,2.686
KGeCl3,2.528,3.247,0.719,0.974,3.502
TlSnF3,2.773,3.458,0.685,0.831,3.604
TlSnF3,2.847,3.635,0.788,0.837,3.684
RbSnF3,3.774,4.735,0.961,1.205,4.979
TlGeF3,3.101,4.056,0.955,0.949,4.05
RbSnF3,2.28,2.869,0.589,0.913,3.193
TlGeF3,3.084,3.972,0.888,0.916,4.0
RbSnF3,3.52,4.668,1.148,1.312,4.832
MgTlF3,4.317,5.18,0.863,1.488,5.805
RbPbF3,3.015,4.279,1.264,0.829,3.844
RbPbF3,4.102,5.128,1.026,1.558,5.66
RbPbF3,3.695,5.205,1.51,1.461,5.156
